{
  "round": 1,
  "nodes": {
    "0": {
      "accuracy": 0.6657,
      "test_loss": 0.9738701339721679,
      "precision": 1.0,
      "recall": 1.0,
      "f1_score": 1.0,
      "update_norm": 1.0368398427963257,
      "is_attacker": true
    },
    "1": {
      "accuracy": 0.6436,
      "test_loss": 1.0280036449432373,
      "precision": 1.0,
      "recall": 1.0,
      "f1_score": 1.0,
      "update_norm": 1.0385433435440063,
      "is_attacker": true
    },
    "2": {
      "accuracy": 0.666,
      "test_loss": 0.9908084526062012,
      "precision": 1.0,
      "recall": 1.0,
      "f1_score": 1.0,
      "update_norm": 0.3441079258918762,
      "is_attacker": false
    },
    "3": {
      "accuracy": 0.7876,
      "test_loss": 0.6565881521224975,
      "precision": 1.0,
      "recall": 1.0,
      "f1_score": 1.0,
      "update_norm": 0.3379784822463989,
      "is_attacker": false
    },
    "4": {
      "accuracy": 0.8031,
      "test_loss": 0.6243804600715637,
      "precision": 1.0,
      "recall": 0.0,
      "f1_score": 0.0,
      "update_norm": 0.3364469110965729,
      "is_attacker": false
    },
    "5": {
      "accuracy": 0.8274,
      "test_loss": 0.565895600271225,
      "precision": 1.0,
      "recall": 1.0,
      "f1_score": 1.0,
      "update_norm": 0.31661367416381836,
      "is_attacker": false
    },
    "6": {
      "accuracy": 0.8094,
      "test_loss": 0.6087181521892547,
      "precision": 1.0,
      "recall": 1.0,
      "f1_score": 1.0,
      "update_norm": 0.33085575699806213,
      "is_attacker": false
    },
    "7": {
      "accuracy": 0.8046,
      "test_loss": 0.6225383784770966,
      "precision": 1.0,
      "recall": 0.0,
      "f1_score": 0.0,
      "update_norm": 0.33233049511909485,
      "is_attacker": false
    },
    "8": {
      "accuracy": 0.7943,
      "test_loss": 0.6370243647575379,
      "precision": 1.0,
      "recall": 1.0,
      "f1_score": 1.0,
      "update_norm": 0.3309287428855896,
      "is_attacker": false
    },
    "9": {
      "accuracy": 0.661,
      "test_loss": 0.9789505725860596,
      "precision": 1.0,
      "recall": 1.0,
      "f1_score": 1.0,
      "update_norm": 0.3378351330757141,
      "is_attacker": false
    }
  }
}