{
  "round": 2,
  "nodes": {
    "0": {
      "accuracy": 0.7478,
      "test_loss": 0.8379923914909363,
      "precision": 1.0,
      "recall": 1.0,
      "f1_score": 1.0,
      "update_norm": 0.9596814513206482,
      "is_attacker": true
    },
    "1": {
      "accuracy": 0.7414,
      "test_loss": 0.8767721455574036,
      "precision": 1.0,
      "recall": 0.0,
      "f1_score": 0.0,
      "update_norm": 1.0070468187332153,
      "is_attacker": true
    },
    "2": {
      "accuracy": 0.7569,
      "test_loss": 0.8165653000831604,
      "precision": 1.0,
      "recall": 0.5,
      "f1_score": 0.6666666666666666,
      "update_norm": 0.3333357870578766,
      "is_attacker": false
    },
    "3": {
      "accuracy": 0.8276,
      "test_loss": 0.5489514393329621,
      "precision": 1.0,
      "recall": 1.0,
      "f1_score": 1.0,
      "update_norm": 0.26327821612358093,
      "is_attacker": false
    },
    "4": {
      "accuracy": 0.8382,
      "test_loss": 0.5123501738548278,
      "precision": 1.0,
      "recall": 0.0,
      "f1_score": 0.0,
      "update_norm": 0.25269460678100586,
      "is_attacker": false
    },
    "5": {
      "accuracy": 0.8462,
      "test_loss": 0.4825869393825531,
      "precision": 1.0,
      "recall": 1.0,
      "f1_score": 1.0,
      "update_norm": 0.22710412740707397,
      "is_attacker": false
    },
    "6": {
      "accuracy": 0.8432,
      "test_loss": 0.49219599652290347,
      "precision": 1.0,
      "recall": 1.0,
      "f1_score": 1.0,
      "update_norm": 0.24712379276752472,
      "is_attacker": false
    },
    "7": {
      "accuracy": 0.8379,
      "test_loss": 0.5111536299705506,
      "precision": 1.0,
      "recall": 0.0,
      "f1_score": 0.0,
      "update_norm": 0.24786163866519928,
      "is_attacker": false
    },
    "8": {
      "accuracy": 0.8244,
      "test_loss": 0.5511256555557251,
      "precision": 1.0,
      "recall": 1.0,
      "f1_score": 1.0,
      "update_norm": 0.25379276275634766,
      "is_attacker": false
    },
    "9": {
      "accuracy": 0.7614,
      "test_loss": 0.8039487670898438,
      "precision": 1.0,
      "recall": 0.5,
      "f1_score": 0.6666666666666666,
      "update_norm": 0.3296407461166382,
      "is_attacker": false
    }
  }
}