{
  "round": 3,
  "nodes": {
    "0": {
      "accuracy": 0.2436,
      "test_loss": 3.734645893096924,
      "precision": 0.75,
      "recall": 1.0,
      "f1_score": 0.8571428571428571,
      "update_norm": 7.593735694885254,
      "kurtosis": 69.40577697753906,
      "is_attacker": true
    },
    "1": {
      "accuracy": 0.1337,
      "test_loss": 5.5436584060668945,
      "precision": 0.6666666666666666,
      "recall": 1.0,
      "f1_score": 0.8,
      "update_norm": 7.940680503845215,
      "kurtosis": 60.455780029296875,
      "is_attacker": true
    },
    "2": {
      "accuracy": 0.2253,
      "test_loss": 4.814167784118652,
      "precision": 0.6666666666666666,
      "recall": 1.0,
      "f1_score": 0.8,
      "update_norm": 7.32810115814209,
      "kurtosis": 87.20067596435547,
      "is_attacker": true
    },
    "3": {
      "accuracy": 0.2413,
      "test_loss": 5.87570652923584,
      "precision": 0.75,
      "recall": 1.0,
      "f1_score": 0.8571428571428571,
      "update_norm": 7.519394874572754,
      "kurtosis": 69.33267211914062,
      "is_attacker": true
    },
    "4": {
      "accuracy": 0.2739,
      "test_loss": 18.92508357543945,
      "precision": 1.0,
      "recall": 1.0,
      "f1_score": 1.0,
      "update_norm": 18.670528411865234,
      "kurtosis": -0.035590410232543945,
      "is_attacker": false
    },
    "5": {
      "accuracy": 0.1512,
      "test_loss": 26.119977316284178,
      "precision": 1.0,
      "recall": 1.0,
      "f1_score": 1.0,
      "update_norm": 18.697444915771484,
      "kurtosis": 0.026821374893188477,
      "is_attacker": false
    },
    "6": {
      "accuracy": 0.2398,
      "test_loss": 16.652139276123048,
      "precision": 0.75,
      "recall": 1.0,
      "f1_score": 0.8571428571428571,
      "update_norm": 18.803020477294922,
      "kurtosis": 0.006882429122924805,
      "is_attacker": false
    },
    "7": {
      "accuracy": 0.2042,
      "test_loss": 21.467167224121095,
      "precision": 0.6666666666666666,
      "recall": 1.0,
      "f1_score": 0.8,
      "update_norm": 18.664216995239258,
      "kurtosis": 0.01998591423034668,
      "is_attacker": false
    },
    "8": {
      "accuracy": 0.1816,
      "test_loss": 21.602487435913087,
      "precision": 0.8,
      "recall": 1.0,
      "f1_score": 0.888888888888889,
      "update_norm": 18.683252334594727,
      "kurtosis": 0.0016889572143554688,
      "is_attacker": false
    },
    "9": {
      "accuracy": 0.2933,
      "test_loss": 14.08895527191162,
      "precision": 0.6666666666666666,
      "recall": 1.0,
      "f1_score": 0.8,
      "update_norm": 18.707937240600586,
      "kurtosis": 0.015251636505126953,
      "is_attacker": false
    },
    "10": {
      "accuracy": 0.2041,
      "test_loss": 24.45804711303711,
      "precision": 0.75,
      "recall": 1.0,
      "f1_score": 0.8571428571428571,
      "update_norm": 18.773242950439453,
      "kurtosis": -0.020319461822509766,
      "is_attacker": false
    },
    "11": {
      "accuracy": 0.2135,
      "test_loss": 23.427218276977538,
      "precision": 0.6666666666666666,
      "recall": 1.0,
      "f1_score": 0.8,
      "update_norm": 18.702327728271484,
      "kurtosis": -0.009498119354248047,
      "is_attacker": false
    },
    "12": {
      "accuracy": 0.2182,
      "test_loss": 20.748881045532226,
      "precision": 1.0,
      "recall": 1.0,
      "f1_score": 1.0,
      "update_norm": 18.62781524658203,
      "kurtosis": 0.015738964080810547,
      "is_attacker": false
    },
    "13": {
      "accuracy": 0.2519,
      "test_loss": 18.6935063873291,
      "precision": 1.0,
      "recall": 1.0,
      "f1_score": 1.0,
      "update_norm": 18.69773292541504,
      "kurtosis": 0.026494979858398438,
      "is_attacker": false
    },
    "14": {
      "accuracy": 0.1841,
      "test_loss": 24.316398483276366,
      "precision": 1.0,
      "recall": 1.0,
      "f1_score": 1.0,
      "update_norm": 18.695594787597656,
      "kurtosis": 0.0030541419982910156,
      "is_attacker": false
    },
    "15": {
      "accuracy": 0.2638,
      "test_loss": 19.47562039489746,
      "precision": 0.5,
      "recall": 1.0,
      "f1_score": 0.6666666666666666,
      "update_norm": 18.67577362060547,
      "kurtosis": 0.009422779083251953,
      "is_attacker": false
    },
    "16": {
      "accuracy": 0.2375,
      "test_loss": 18.346029824829102,
      "precision": 1.0,
      "recall": 1.0,
      "f1_score": 1.0,
      "update_norm": 18.74721908569336,
      "kurtosis": -0.013833284378051758,
      "is_attacker": false
    },
    "17": {
      "accuracy": 0.2781,
      "test_loss": 16.58889888305664,
      "precision": 1.0,
      "recall": 1.0,
      "f1_score": 1.0,
      "update_norm": 18.737977981567383,
      "kurtosis": -0.010956525802612305,
      "is_attacker": false
    },
    "18": {
      "accuracy": 0.3004,
      "test_loss": 13.09275241394043,
      "precision": 0.75,
      "recall": 1.0,
      "f1_score": 0.8571428571428571,
      "update_norm": 18.754032135009766,
      "kurtosis": 0.015574216842651367,
      "is_attacker": false
    },
    "19": {
      "accuracy": 0.204,
      "test_loss": 23.490415371704103,
      "precision": 0.6666666666666666,
      "recall": 1.0,
      "f1_score": 0.8,
      "update_norm": 18.76692008972168,
      "kurtosis": -0.0021178722381591797,
      "is_attacker": false
    }
  }
}