{
  "round": 1,
  "nodes": {
    "0": {
      "accuracy": 0.1133,
      "test_loss": 57.694340808105466,
      "precision": 1.0,
      "recall": 1.0,
      "f1_score": 1.0,
      "update_norm": 2.3325445652008057,
      "kurtosis": 307.885498046875,
      "is_attacker": true
    },
    "1": {
      "accuracy": 0.1762,
      "test_loss": 42.52933126220703,
      "precision": 1.0,
      "recall": 1.0,
      "f1_score": 1.0,
      "update_norm": 2.295131206512451,
      "kurtosis": 288.6711730957031,
      "is_attacker": true
    },
    "2": {
      "accuracy": 0.0928,
      "test_loss": 67.49823725585938,
      "precision": 1.0,
      "recall": 1.0,
      "f1_score": 1.0,
      "update_norm": 2.555352210998535,
      "kurtosis": 287.6200866699219,
      "is_attacker": true
    },
    "3": {
      "accuracy": 0.0983,
      "test_loss": 59.959913220214844,
      "precision": 1.0,
      "recall": 1.0,
      "f1_score": 1.0,
      "update_norm": 2.4557652473449707,
      "kurtosis": 304.7177429199219,
      "is_attacker": true
    },
    "4": {
      "accuracy": 0.3164,
      "test_loss": 7.497889178466797,
      "precision": 1.0,
      "recall": 1.0,
      "f1_score": 1.0,
      "update_norm": 18.69608497619629,
      "kurtosis": -0.014366626739501953,
      "is_attacker": false
    },
    "5": {
      "accuracy": 0.3087,
      "test_loss": 8.660875408935548,
      "precision": 1.0,
      "recall": 1.0,
      "f1_score": 1.0,
      "update_norm": 18.764163970947266,
      "kurtosis": 0.029419660568237305,
      "is_attacker": false
    },
    "6": {
      "accuracy": 0.387,
      "test_loss": 6.105424450683594,
      "precision": 1.0,
      "recall": 1.0,
      "f1_score": 1.0,
      "update_norm": 18.717926025390625,
      "kurtosis": 0.019600868225097656,
      "is_attacker": false
    },
    "7": {
      "accuracy": 0.2658,
      "test_loss": 10.011048786926269,
      "precision": 1.0,
      "recall": 1.0,
      "f1_score": 1.0,
      "update_norm": 18.62725257873535,
      "kurtosis": -0.03277254104614258,
      "is_attacker": false
    },
    "8": {
      "accuracy": 0.3521,
      "test_loss": 6.599927323913574,
      "precision": 1.0,
      "recall": 1.0,
      "f1_score": 1.0,
      "update_norm": 18.66229248046875,
      "kurtosis": -0.019446134567260742,
      "is_attacker": false
    },
    "9": {
      "accuracy": 0.4229,
      "test_loss": 6.342069625091553,
      "precision": 1.0,
      "recall": 1.0,
      "f1_score": 1.0,
      "update_norm": 18.789064407348633,
      "kurtosis": 0.019583940505981445,
      "is_attacker": false
    },
    "10": {
      "accuracy": 0.3262,
      "test_loss": 7.840649510955811,
      "precision": 1.0,
      "recall": 1.0,
      "f1_score": 1.0,
      "update_norm": 18.722280502319336,
      "kurtosis": -0.008610963821411133,
      "is_attacker": false
    },
    "11": {
      "accuracy": 0.3676,
      "test_loss": 6.487202156829834,
      "precision": 1.0,
      "recall": 1.0,
      "f1_score": 1.0,
      "update_norm": 18.729206085205078,
      "kurtosis": -0.0008065700531005859,
      "is_attacker": false
    },
    "12": {
      "accuracy": 0.4046,
      "test_loss": 6.253143469238282,
      "precision": 1.0,
      "recall": 1.0,
      "f1_score": 1.0,
      "update_norm": 18.73795509338379,
      "kurtosis": -0.01800990104675293,
      "is_attacker": false
    },
    "13": {
      "accuracy": 0.4489,
      "test_loss": 6.394193920135498,
      "precision": 1.0,
      "recall": 1.0,
      "f1_score": 1.0,
      "update_norm": 18.697620391845703,
      "kurtosis": -0.003698110580444336,
      "is_attacker": false
    },
    "14": {
      "accuracy": 0.3622,
      "test_loss": 8.261018186950684,
      "precision": 1.0,
      "recall": 1.0,
      "f1_score": 1.0,
      "update_norm": 18.680622100830078,
      "kurtosis": -0.012500524520874023,
      "is_attacker": false
    },
    "15": {
      "accuracy": 0.3703,
      "test_loss": 7.020445526123047,
      "precision": 1.0,
      "recall": 1.0,
      "f1_score": 1.0,
      "update_norm": 18.717453002929688,
      "kurtosis": -0.013034582138061523,
      "is_attacker": false
    },
    "16": {
      "accuracy": 0.2503,
      "test_loss": 9.063650459289551,
      "precision": 1.0,
      "recall": 1.0,
      "f1_score": 1.0,
      "update_norm": 18.76919174194336,
      "kurtosis": -0.026641845703125,
      "is_attacker": false
    },
    "17": {
      "accuracy": 0.3716,
      "test_loss": 6.6334349662780765,
      "precision": 1.0,
      "recall": 1.0,
      "f1_score": 1.0,
      "update_norm": 18.711030960083008,
      "kurtosis": -0.009521007537841797,
      "is_attacker": false
    },
    "18": {
      "accuracy": 0.3846,
      "test_loss": 5.919801972961426,
      "precision": 1.0,
      "recall": 1.0,
      "f1_score": 1.0,
      "update_norm": 18.72640609741211,
      "kurtosis": -5.3882598876953125e-05,
      "is_attacker": false
    },
    "19": {
      "accuracy": 0.3933,
      "test_loss": 7.292357663726807,
      "precision": 1.0,
      "recall": 1.0,
      "f1_score": 1.0,
      "update_norm": 18.635639190673828,
      "kurtosis": -0.004603862762451172,
      "is_attacker": false
    }
  }
}