{
  "round": 4,
  "nodes": {
    "0": {
      "accuracy": 0.3766,
      "test_loss": 16.73591614074707,
      "precision": 1.0,
      "recall": 1.0,
      "f1_score": 1.0,
      "update_norm": 4.641068458557129,
      "kurtosis": 497.7933654785156,
      "is_attacker": true
    },
    "1": {
      "accuracy": 0.354,
      "test_loss": 20.941621490478514,
      "precision": 1.0,
      "recall": 1.0,
      "f1_score": 1.0,
      "update_norm": 4.990787982940674,
      "kurtosis": 438.25433349609375,
      "is_attacker": true
    },
    "2": {
      "accuracy": 0.3969,
      "test_loss": 17.286540438842774,
      "precision": 0.6666666666666666,
      "recall": 1.0,
      "f1_score": 0.8,
      "update_norm": 4.399496555328369,
      "kurtosis": 167.17356872558594,
      "is_attacker": true
    },
    "3": {
      "accuracy": 0.3996,
      "test_loss": 18.078972354125977,
      "precision": 1.0,
      "recall": 1.0,
      "f1_score": 1.0,
      "update_norm": 4.654637336730957,
      "kurtosis": 182.27137756347656,
      "is_attacker": true
    },
    "4": {
      "accuracy": 0.4915,
      "test_loss": 16.168852587890626,
      "precision": 1.0,
      "recall": 1.0,
      "f1_score": 1.0,
      "update_norm": 18.74583625793457,
      "kurtosis": -0.008634567260742188,
      "is_attacker": false
    },
    "5": {
      "accuracy": 0.4686,
      "test_loss": 16.18780624847412,
      "precision": 1.0,
      "recall": 1.0,
      "f1_score": 1.0,
      "update_norm": 18.701309204101562,
      "kurtosis": 0.04416513442993164,
      "is_attacker": false
    },
    "6": {
      "accuracy": 0.4855,
      "test_loss": 13.46118063659668,
      "precision": 0.75,
      "recall": 1.0,
      "f1_score": 0.8571428571428571,
      "update_norm": 18.7265682220459,
      "kurtosis": -0.018079042434692383,
      "is_attacker": false
    },
    "7": {
      "accuracy": 0.5139,
      "test_loss": 14.453007055664063,
      "precision": 0.6666666666666666,
      "recall": 1.0,
      "f1_score": 0.8,
      "update_norm": 18.708269119262695,
      "kurtosis": 0.00490117073059082,
      "is_attacker": false
    },
    "8": {
      "accuracy": 0.4624,
      "test_loss": 15.974132061767579,
      "precision": 0.8,
      "recall": 1.0,
      "f1_score": 0.888888888888889,
      "update_norm": 18.671276092529297,
      "kurtosis": -0.0016050338745117188,
      "is_attacker": false
    },
    "9": {
      "accuracy": 0.5227,
      "test_loss": 11.514583560180665,
      "precision": 1.0,
      "recall": 1.0,
      "f1_score": 1.0,
      "update_norm": 18.756229400634766,
      "kurtosis": -0.030621051788330078,
      "is_attacker": false
    },
    "10": {
      "accuracy": 0.4444,
      "test_loss": 17.076389031982423,
      "precision": 0.75,
      "recall": 1.0,
      "f1_score": 0.8571428571428571,
      "update_norm": 18.69390869140625,
      "kurtosis": -0.0006480216979980469,
      "is_attacker": false
    },
    "11": {
      "accuracy": 0.5016,
      "test_loss": 15.984879986572265,
      "precision": 0.6666666666666666,
      "recall": 1.0,
      "f1_score": 0.8,
      "update_norm": 18.714265823364258,
      "kurtosis": 0.021271228790283203,
      "is_attacker": false
    },
    "12": {
      "accuracy": 0.4102,
      "test_loss": 18.1108378326416,
      "precision": 0.75,
      "recall": 1.0,
      "f1_score": 0.8571428571428571,
      "update_norm": 18.616840362548828,
      "kurtosis": 0.02557539939880371,
      "is_attacker": false
    },
    "13": {
      "accuracy": 0.52,
      "test_loss": 12.116571907043458,
      "precision": 0.8,
      "recall": 1.0,
      "f1_score": 0.888888888888889,
      "update_norm": 18.744359970092773,
      "kurtosis": 0.02474355697631836,
      "is_attacker": false
    },
    "14": {
      "accuracy": 0.4723,
      "test_loss": 16.13288254699707,
      "precision": 0.75,
      "recall": 1.0,
      "f1_score": 0.8571428571428571,
      "update_norm": 18.777158737182617,
      "kurtosis": 0.012002229690551758,
      "is_attacker": false
    },
    "15": {
      "accuracy": 0.5167,
      "test_loss": 13.932292051696777,
      "precision": 0.5,
      "recall": 1.0,
      "f1_score": 0.6666666666666666,
      "update_norm": 18.73687171936035,
      "kurtosis": 0.02205824851989746,
      "is_attacker": false
    },
    "16": {
      "accuracy": 0.4676,
      "test_loss": 14.819028579711913,
      "precision": 1.0,
      "recall": 1.0,
      "f1_score": 1.0,
      "update_norm": 18.67580795288086,
      "kurtosis": -0.01459360122680664,
      "is_attacker": false
    },
    "17": {
      "accuracy": 0.5217,
      "test_loss": 14.869370254516602,
      "precision": 0.75,
      "recall": 1.0,
      "f1_score": 0.8571428571428571,
      "update_norm": 18.694488525390625,
      "kurtosis": 0.003768444061279297,
      "is_attacker": false
    },
    "18": {
      "accuracy": 0.5202,
      "test_loss": 11.312278588867187,
      "precision": 0.75,
      "recall": 1.0,
      "f1_score": 0.8571428571428571,
      "update_norm": 18.792064666748047,
      "kurtosis": -0.025044918060302734,
      "is_attacker": false
    },
    "19": {
      "accuracy": 0.4351,
      "test_loss": 17.63157563171387,
      "precision": 0.6666666666666666,
      "recall": 1.0,
      "f1_score": 0.8,
      "update_norm": 18.746719360351562,
      "kurtosis": 0.001961231231689453,
      "is_attacker": false
    }
  }
}