{
  "round": 0,
  "nodes": {
    "0": {
      "accuracy": 0.66,
      "test_loss": 4.893236665344238,
      "precision": 0.75,
      "recall": 1.0,
      "f1_score": 0.8571428571428571,
      "update_norm": 5.001168727874756,
      "kurtosis": 27.41059684753418,
      "is_attacker": true
    },
    "1": {
      "accuracy": 0.6423,
      "test_loss": 5.14808765411377,
      "precision": 1.0,
      "recall": 1.0,
      "f1_score": 1.0,
      "update_norm": 5.015252113342285,
      "kurtosis": 25.783329010009766,
      "is_attacker": true
    },
    "2": {
      "accuracy": 0.6584,
      "test_loss": 6.015608934020996,
      "precision": 1.0,
      "recall": 1.0,
      "f1_score": 1.0,
      "update_norm": 5.079535484313965,
      "kurtosis": 27.150300979614258,
      "is_attacker": true
    },
    "3": {
      "accuracy": 0.6656,
      "test_loss": 5.484819113922119,
      "precision": 1.0,
      "recall": 1.0,
      "f1_score": 1.0,
      "update_norm": 5.018994331359863,
      "kurtosis": 26.879003524780273,
      "is_attacker": true
    },
    "4": {
      "accuracy": 0.6484,
      "test_loss": 2.438073575973511,
      "precision": 0.8,
      "recall": 1.0,
      "f1_score": 0.888888888888889,
      "update_norm": 18.83281898498535,
      "kurtosis": 0.029475927352905273,
      "is_attacker": false
    },
    "5": {
      "accuracy": 0.6319,
      "test_loss": 2.928897674179077,
      "precision": 0.5,
      "recall": 1.0,
      "f1_score": 0.6666666666666666,
      "update_norm": 18.778249740600586,
      "kurtosis": 0.003633737564086914,
      "is_attacker": false
    },
    "6": {
      "accuracy": 0.6176,
      "test_loss": 3.222098986053467,
      "precision": 0.75,
      "recall": 1.0,
      "f1_score": 0.8571428571428571,
      "update_norm": 18.773420333862305,
      "kurtosis": 0.004782438278198242,
      "is_attacker": false
    },
    "7": {
      "accuracy": 0.6539,
      "test_loss": 2.7587964820861814,
      "precision": 0.6666666666666666,
      "recall": 1.0,
      "f1_score": 0.8,
      "update_norm": 18.758609771728516,
      "kurtosis": -0.013855934143066406,
      "is_attacker": false
    },
    "8": {
      "accuracy": 0.6583,
      "test_loss": 2.4373528438568117,
      "precision": 1.0,
      "recall": 1.0,
      "f1_score": 1.0,
      "update_norm": 18.700820922851562,
      "kurtosis": 0.009247303009033203,
      "is_attacker": false
    },
    "9": {
      "accuracy": 0.6643,
      "test_loss": 2.2194162015914918,
      "precision": 0.6666666666666666,
      "recall": 1.0,
      "f1_score": 0.8,
      "update_norm": 18.632320404052734,
      "kurtosis": 0.0010194778442382812,
      "is_attacker": false
    },
    "10": {
      "accuracy": 0.6107,
      "test_loss": 2.7602835315704346,
      "precision": 1.0,
      "recall": 1.0,
      "f1_score": 1.0,
      "update_norm": 18.693256378173828,
      "kurtosis": 0.01546478271484375,
      "is_attacker": false
    },
    "11": {
      "accuracy": 0.6833,
      "test_loss": 2.3033338062286375,
      "precision": 0.6666666666666666,
      "recall": 1.0,
      "f1_score": 0.8,
      "update_norm": 18.73185920715332,
      "kurtosis": -0.014134407043457031,
      "is_attacker": false
    },
    "12": {
      "accuracy": 0.6244,
      "test_loss": 3.0936427276611327,
      "precision": 1.0,
      "recall": 1.0,
      "f1_score": 1.0,
      "update_norm": 18.811519622802734,
      "kurtosis": -0.007469892501831055,
      "is_attacker": false
    },
    "13": {
      "accuracy": 0.6779,
      "test_loss": 2.2082383167266846,
      "precision": 1.0,
      "recall": 1.0,
      "f1_score": 1.0,
      "update_norm": 18.80104637145996,
      "kurtosis": -0.013680219650268555,
      "is_attacker": false
    },
    "14": {
      "accuracy": 0.6574,
      "test_loss": 2.592260029029846,
      "precision": 1.0,
      "recall": 1.0,
      "f1_score": 1.0,
      "update_norm": 18.79121208190918,
      "kurtosis": 0.016960620880126953,
      "is_attacker": false
    },
    "15": {
      "accuracy": 0.637,
      "test_loss": 2.879644332122803,
      "precision": 1.0,
      "recall": 1.0,
      "f1_score": 1.0,
      "update_norm": 18.712778091430664,
      "kurtosis": -0.04063558578491211,
      "is_attacker": false
    },
    "16": {
      "accuracy": 0.6293,
      "test_loss": 2.64588923740387,
      "precision": 0.75,
      "recall": 1.0,
      "f1_score": 0.8571428571428571,
      "update_norm": 18.727537155151367,
      "kurtosis": -0.019408702850341797,
      "is_attacker": false
    },
    "17": {
      "accuracy": 0.6331,
      "test_loss": 2.903291174697876,
      "precision": 0.75,
      "recall": 1.0,
      "f1_score": 0.8571428571428571,
      "update_norm": 18.774005889892578,
      "kurtosis": 0.01850581169128418,
      "is_attacker": false
    },
    "18": {
      "accuracy": 0.6371,
      "test_loss": 2.520516925430298,
      "precision": 0.75,
      "recall": 1.0,
      "f1_score": 0.8571428571428571,
      "update_norm": 18.731822967529297,
      "kurtosis": 0.0006825923919677734,
      "is_attacker": false
    },
    "19": {
      "accuracy": 0.6431,
      "test_loss": 2.5762516418457033,
      "precision": 0.6666666666666666,
      "recall": 1.0,
      "f1_score": 0.8,
      "update_norm": 18.820140838623047,
      "kurtosis": 0.0005176067352294922,
      "is_attacker": false
    }
  }
}