{
  "round": 3,
  "nodes": {
    "0": {
      "accuracy": 0.323,
      "test_loss": 3.0523246910095216,
      "precision": 1.0,
      "recall": 1.0,
      "f1_score": 1.0,
      "update_norm": 1.9999972581863403,
      "is_attacker": true,
      "kurtosis": 88.1729507446289
    },
    "1": {
      "accuracy": 0.2747,
      "test_loss": 3.1877381706237795,
      "precision": 1.0,
      "recall": 1.0,
      "f1_score": 1.0,
      "update_norm": 1.9999955892562866,
      "is_attacker": true,
      "kurtosis": 93.46283721923828
    },
    "2": {
      "accuracy": 0.3431,
      "test_loss": 2.1093297115325926,
      "precision": 0.75,
      "recall": 1.0,
      "f1_score": 0.8571428571428571,
      "update_norm": 2.000006914138794,
      "is_attacker": true,
      "kurtosis": 82.14434814453125
    },
    "3": {
      "accuracy": 0.3024,
      "test_loss": 3.5851550285339355,
      "precision": 0.75,
      "recall": 1.0,
      "f1_score": 0.8571428571428571,
      "update_norm": 1.9999921321868896,
      "is_attacker": true,
      "kurtosis": 122.43795776367188
    },
    "4": {
      "accuracy": 0.6912,
      "test_loss": 0.9053348386764526,
      "precision": 0.8,
      "recall": 1.0,
      "f1_score": 0.888888888888889,
      "update_norm": 13.700429916381836,
      "is_attacker": false,
      "kurtosis": -0.015563249588012695,
      "trust": 0.48430559039115906,
      "noise_norm": 299.9512634277344
    },
    "5": {
      "accuracy": 0.728,
      "test_loss": 0.8603433048248291,
      "precision": 0.8,
      "recall": 1.0,
      "f1_score": 0.888888888888889,
      "update_norm": 9.878198623657227,
      "is_attacker": false,
      "kurtosis": -0.01082754135131836,
      "trust": 0.34917351603507996,
      "noise_norm": 339.80072021484375
    },
    "6": {
      "accuracy": 0.6993,
      "test_loss": 0.9418052940368652,
      "precision": 0.6,
      "recall": 1.0,
      "f1_score": 0.7499999999999999,
      "update_norm": 9.183419227600098,
      "is_attacker": false,
      "kurtosis": -0.0057332515716552734,
      "trust": 0.32325437664985657,
      "noise_norm": 277.6578063964844
    },
    "7": {
      "accuracy": 0.7341,
      "test_loss": 0.8399838541030884,
      "precision": 0.6666666666666666,
      "recall": 1.0,
      "f1_score": 0.8,
      "update_norm": 10.596189498901367,
      "is_attacker": false,
      "kurtosis": -0.0379483699798584,
      "trust": 0.3729999363422394,
      "noise_norm": 298.4255676269531
    },
    "8": {
      "accuracy": 0.6686,
      "test_loss": 0.9973977954864502,
      "precision": 0.3333333333333333,
      "recall": 1.0,
      "f1_score": 0.5,
      "update_norm": 14.474687576293945,
      "is_attacker": false,
      "kurtosis": 0.008328437805175781,
      "trust": 0.5133501291275024,
      "noise_norm": 295.500732421875
    },
    "9": {
      "accuracy": 0.5858,
      "test_loss": 1.2781759886741637,
      "precision": 0.0,
      "recall": 0.0,
      "f1_score": 0.0,
      "update_norm": 14.698506355285645,
      "is_attacker": false,
      "kurtosis": 0.01607966423034668,
      "trust": 0.5196034908294678,
      "noise_norm": 283.90484619140625
    },
    "10": {
      "accuracy": 0.6821,
      "test_loss": 0.9806466496467591,
      "precision": 0.0,
      "recall": 0.0,
      "f1_score": 0.0,
      "update_norm": 10.49537467956543,
      "is_attacker": false,
      "kurtosis": -0.009933710098266602,
      "trust": 0.37129583954811096,
      "noise_norm": 299.3978576660156
    },
    "11": {
      "accuracy": 0.7081,
      "test_loss": 0.8858071414947509,
      "precision": 0.0,
      "recall": 0.0,
      "f1_score": 0.0,
      "update_norm": 10.049921035766602,
      "is_attacker": false,
      "kurtosis": 0.03459358215332031,
      "trust": 0.35649076104164124,
      "noise_norm": 286.7091979980469
    },
    "12": {
      "accuracy": 0.6886,
      "test_loss": 0.9494473664283752,
      "precision": 0.0,
      "recall": 0.0,
      "f1_score": 0.0,
      "update_norm": 13.942097663879395,
      "is_attacker": false,
      "kurtosis": 0.00746917724609375,
      "trust": 0.4963201880455017,
      "noise_norm": 285.6286926269531
    },
    "13": {
      "accuracy": 0.6901,
      "test_loss": 0.9967664956092834,
      "precision": 0.0,
      "recall": 0.0,
      "f1_score": 0.0,
      "update_norm": 9.396757125854492,
      "is_attacker": false,
      "kurtosis": 0.0035507678985595703,
      "trust": 0.3323972523212433,
      "noise_norm": 276.79150390625
    },
    "14": {
      "accuracy": 0.7105,
      "test_loss": 0.8928687307357788,
      "precision": 0.0,
      "recall": 0.0,
      "f1_score": 0.0,
      "update_norm": 13.275815963745117,
      "is_attacker": false,
      "kurtosis": 0.015370368957519531,
      "trust": 0.47006282210350037,
      "noise_norm": 278.8368835449219
    },
    "15": {
      "accuracy": 0.7088,
      "test_loss": 0.9280636655807495,
      "precision": 0.5,
      "recall": 1.0,
      "f1_score": 0.6666666666666666,
      "update_norm": 9.98688793182373,
      "is_attacker": false,
      "kurtosis": -0.02186131477355957,
      "trust": 0.3540528416633606,
      "noise_norm": 292.63720703125
    },
    "16": {
      "accuracy": 0.7206,
      "test_loss": 0.915564571094513,
      "precision": 0.6666666666666666,
      "recall": 1.0,
      "f1_score": 0.8,
      "update_norm": 8.15112590789795,
      "is_attacker": false,
      "kurtosis": 0.021584272384643555,
      "trust": 0.28872454166412354,
      "noise_norm": 290.392822265625
    },
    "17": {
      "accuracy": 0.7689,
      "test_loss": 0.7756302464485169,
      "precision": 1.0,
      "recall": 1.0,
      "f1_score": 1.0,
      "update_norm": 9.284701347351074,
      "is_attacker": false,
      "kurtosis": -0.02171945571899414,
      "trust": 0.32780635356903076,
      "noise_norm": 304.16387939453125
    },
    "18": {
      "accuracy": 0.7792,
      "test_loss": 0.8057928399085998,
      "precision": 1.0,
      "recall": 1.0,
      "f1_score": 1.0,
      "update_norm": 4.114529132843018,
      "is_attacker": false,
      "kurtosis": 0.024196147918701172,
      "trust": 0.14579446613788605,
      "noise_norm": 311.4584655761719
    },
    "19": {
      "accuracy": 0.7905,
      "test_loss": 0.7598139666557312,
      "precision": 1.0,
      "recall": 1.0,
      "f1_score": 1.0,
      "update_norm": 2.1297452449798584,
      "is_attacker": false,
      "kurtosis": 0.011260032653808594,
      "trust": 0.07491089403629303,
      "noise_norm": 304.3680114746094
    }
  }
}