{
  "round": 11,
  "nodes": {
    "0": {
      "accuracy": 0.6145,
      "test_loss": 1.4424564216613769,
      "precision": 0.42857142857142855,
      "recall": 1.0,
      "f1_score": 0.6,
      "update_norm": 1.7704623937606812,
      "is_attacker": true,
      "kurtosis": 299.98663330078125
    },
    "1": {
      "accuracy": 0.6484,
      "test_loss": 1.4277866847991942,
      "precision": 0.42857142857142855,
      "recall": 1.0,
      "f1_score": 0.6,
      "update_norm": 1.4454686641693115,
      "is_attacker": true,
      "kurtosis": 225.13238525390625
    },
    "2": {
      "accuracy": 0.6852,
      "test_loss": 1.2346611333847046,
      "precision": 0.375,
      "recall": 1.0,
      "f1_score": 0.5454545454545454,
      "update_norm": 1.328999400138855,
      "is_attacker": true,
      "kurtosis": 133.17955017089844
    },
    "3": {
      "accuracy": 0.6902,
      "test_loss": 1.0754094089508057,
      "precision": 0.375,
      "recall": 1.0,
      "f1_score": 0.5454545454545454,
      "update_norm": 1.509753942489624,
      "is_attacker": true,
      "kurtosis": 304.94921875
    },
    "4": {
      "accuracy": 0.8363,
      "test_loss": 0.5485947688579559,
      "precision": 0.5714285714285714,
      "recall": 1.0,
      "f1_score": 0.7272727272727273,
      "update_norm": 0.0,
      "is_attacker": false,
      "kurtosis": -3.0,
      "trust": -0.08604834228754044,
      "noise_norm": 504.91156005859375
    },
    "5": {
      "accuracy": 0.8442,
      "test_loss": 0.51494782102108,
      "precision": 0.6666666666666666,
      "recall": 1.0,
      "f1_score": 0.8,
      "update_norm": 0.0,
      "is_attacker": false,
      "kurtosis": -3.0,
      "trust": -0.0462072491645813,
      "noise_norm": 383.2841796875
    },
    "6": {
      "accuracy": 0.8246,
      "test_loss": 0.5526537408351898,
      "precision": 0.42857142857142855,
      "recall": 1.0,
      "f1_score": 0.6,
      "update_norm": 3.3749330043792725,
      "is_attacker": false,
      "kurtosis": -0.005732297897338867,
      "trust": 0.11879696696996689,
      "noise_norm": 397.66815185546875
    },
    "7": {
      "accuracy": 0.8462,
      "test_loss": 0.5031420506477357,
      "precision": 0.4,
      "recall": 1.0,
      "f1_score": 0.5714285714285715,
      "update_norm": 0.0,
      "is_attacker": false,
      "kurtosis": -3.0,
      "trust": -0.04057008773088455,
      "noise_norm": 372.0600891113281
    },
    "8": {
      "accuracy": 0.8407,
      "test_loss": 0.5120349373340607,
      "precision": 0.2,
      "recall": 1.0,
      "f1_score": 0.33333333333333337,
      "update_norm": 3.482487440109253,
      "is_attacker": false,
      "kurtosis": 0.008328914642333984,
      "trust": 0.12350770831108093,
      "noise_norm": 370.9515075683594
    },
    "9": {
      "accuracy": 0.8297,
      "test_loss": 0.5454866890907287,
      "precision": 0.0,
      "recall": 0.0,
      "f1_score": 0.0,
      "update_norm": 2.404341220855713,
      "is_attacker": false,
      "kurtosis": 0.016080617904663086,
      "trust": 0.08499526977539062,
      "noise_norm": 337.7303161621094
    },
    "10": {
      "accuracy": 0.8303,
      "test_loss": 0.5322596384048461,
      "precision": 0.0,
      "recall": 0.0,
      "f1_score": 0.0,
      "update_norm": 0.7479869723320007,
      "is_attacker": false,
      "kurtosis": -0.009934663772583008,
      "trust": 0.026461586356163025,
      "noise_norm": 344.8177795410156
    },
    "11": {
      "accuracy": 0.8421,
      "test_loss": 0.5016722851872444,
      "precision": 0.0,
      "recall": 0.0,
      "f1_score": 0.0,
      "update_norm": 2.44427752494812,
      "is_attacker": false,
      "kurtosis": 0.034592628479003906,
      "trust": 0.08670341223478317,
      "noise_norm": 297.3239440917969
    },
    "12": {
      "accuracy": 0.8338,
      "test_loss": 0.5516068171977997,
      "precision": 0.0,
      "recall": 0.0,
      "f1_score": 0.0,
      "update_norm": 3.3261213302612305,
      "is_attacker": false,
      "kurtosis": 0.007468461990356445,
      "trust": 0.11840541660785675,
      "noise_norm": 324.01141357421875
    },
    "13": {
      "accuracy": 0.8118,
      "test_loss": 0.6015998296260834,
      "precision": 0.0,
      "recall": 0.0,
      "f1_score": 0.0,
      "update_norm": 8.131491661071777,
      "is_attacker": false,
      "kurtosis": 0.003551483154296875,
      "trust": 0.2876397371292114,
      "noise_norm": 299.3038024902344
    },
    "14": {
      "accuracy": 0.8368,
      "test_loss": 0.522496169090271,
      "precision": 0.0,
      "recall": 0.0,
      "f1_score": 0.0,
      "update_norm": 0.0,
      "is_attacker": false,
      "kurtosis": -3.0,
      "trust": -0.017964132130146027,
      "noise_norm": 330.74578857421875
    },
    "15": {
      "accuracy": 0.8312,
      "test_loss": 0.5454832832336426,
      "precision": 0.2,
      "recall": 1.0,
      "f1_score": 0.33333333333333337,
      "update_norm": 3.463210344314575,
      "is_attacker": false,
      "kurtosis": -0.02186107635498047,
      "trust": 0.12277714908123016,
      "noise_norm": 308.9288635253906
    },
    "16": {
      "accuracy": 0.8181,
      "test_loss": 0.5889972244262696,
      "precision": 0.3333333333333333,
      "recall": 1.0,
      "f1_score": 0.5,
      "update_norm": 9.015885353088379,
      "is_attacker": false,
      "kurtosis": 0.021583080291748047,
      "trust": 0.3193556070327759,
      "noise_norm": 317.2330017089844
    },
    "17": {
      "accuracy": 0.8498,
      "test_loss": 0.4864087452411652,
      "precision": 0.5,
      "recall": 1.0,
      "f1_score": 0.6666666666666666,
      "update_norm": 2.8964457511901855,
      "is_attacker": false,
      "kurtosis": -0.021718978881835938,
      "trust": 0.10226202756166458,
      "noise_norm": 366.6392822265625
    },
    "18": {
      "accuracy": 0.8454,
      "test_loss": 0.4954674217224121,
      "precision": 0.6666666666666666,
      "recall": 1.0,
      "f1_score": 0.8,
      "update_norm": 0.0,
      "is_attacker": false,
      "kurtosis": -3.0,
      "trust": -0.021894173696637154,
      "noise_norm": 396.8304748535156
    },
    "19": {
      "accuracy": 0.8411,
      "test_loss": 0.5155674207210541,
      "precision": 0.5714285714285714,
      "recall": 1.0,
      "f1_score": 0.7272727272727273,
      "update_norm": 0.0,
      "is_attacker": false,
      "kurtosis": -3.0,
      "trust": -0.15456944704055786,
      "noise_norm": 489.1025695800781
    }
  }
}