{
  "round": 8,
  "nodes": {
    "0": {
      "accuracy": 0.5246,
      "test_loss": 2.4471083164215086,
      "precision": 0.75,
      "recall": 1.0,
      "f1_score": 0.8571428571428571,
      "update_norm": 2.000007390975952,
      "is_attacker": true,
      "kurtosis": 502.7373352050781
    },
    "1": {
      "accuracy": 0.6315,
      "test_loss": 1.3472515129089355,
      "precision": 0.75,
      "recall": 1.0,
      "f1_score": 0.8571428571428571,
      "update_norm": 1.9999881982803345,
      "is_attacker": true,
      "kurtosis": 973.9129638671875
    },
    "2": {
      "accuracy": 0.5248,
      "test_loss": 1.7522772804260254,
      "precision": 0.6,
      "recall": 1.0,
      "f1_score": 0.7499999999999999,
      "update_norm": 2.000007152557373,
      "is_attacker": true,
      "kurtosis": 141.93641662597656
    },
    "3": {
      "accuracy": 0.418,
      "test_loss": 3.3645116947174074,
      "precision": 0.5,
      "recall": 1.0,
      "f1_score": 0.6666666666666666,
      "update_norm": 1.9304007291793823,
      "is_attacker": true,
      "kurtosis": 324.52069091796875
    },
    "4": {
      "accuracy": 0.8089,
      "test_loss": 0.636347365140915,
      "precision": 0.6666666666666666,
      "recall": 1.0,
      "f1_score": 0.8,
      "update_norm": 0.0,
      "is_attacker": false,
      "kurtosis": -3.0,
      "trust": -0.2389765977859497,
      "noise_norm": 386.5566711425781
    },
    "5": {
      "accuracy": 0.8141,
      "test_loss": 0.600070352935791,
      "precision": 0.5714285714285714,
      "recall": 1.0,
      "f1_score": 0.7272727272727273,
      "update_norm": 2.4719369411468506,
      "is_attacker": false,
      "kurtosis": -0.010828018188476562,
      "trust": 0.08737779408693314,
      "noise_norm": 359.37701416015625
    },
    "6": {
      "accuracy": 0.8145,
      "test_loss": 0.5913919190406799,
      "precision": 0.42857142857142855,
      "recall": 1.0,
      "f1_score": 0.6,
      "update_norm": 2.645369291305542,
      "is_attacker": false,
      "kurtosis": -0.005732059478759766,
      "trust": 0.09311644732952118,
      "noise_norm": 400.377197265625
    },
    "7": {
      "accuracy": 0.8255,
      "test_loss": 0.5568285965919495,
      "precision": 0.3333333333333333,
      "recall": 1.0,
      "f1_score": 0.5,
      "update_norm": 3.093761444091797,
      "is_attacker": false,
      "kurtosis": -0.0379488468170166,
      "trust": 0.10890457034111023,
      "noise_norm": 305.43182373046875
    },
    "8": {
      "accuracy": 0.8297,
      "test_loss": 0.5475192113876343,
      "precision": 0.2,
      "recall": 1.0,
      "f1_score": 0.33333333333333337,
      "update_norm": 0.0,
      "is_attacker": false,
      "kurtosis": -3.0,
      "trust": -0.012742239981889725,
      "noise_norm": 340.6156921386719
    },
    "9": {
      "accuracy": 0.8185,
      "test_loss": 0.5818090971469879,
      "precision": 0.0,
      "recall": 0.0,
      "f1_score": 0.0,
      "update_norm": 0.00253604119643569,
      "is_attacker": false,
      "kurtosis": 0.016079425811767578,
      "trust": 8.965097367763519e-05,
      "noise_norm": 307.6007385253906
    },
    "10": {
      "accuracy": 0.8023,
      "test_loss": 0.6160897526264191,
      "precision": 0.0,
      "recall": 0.0,
      "f1_score": 0.0,
      "update_norm": 3.219862699508667,
      "is_attacker": false,
      "kurtosis": -0.009933710098266602,
      "trust": 0.1139095276594162,
      "noise_norm": 363.39935302734375
    },
    "11": {
      "accuracy": 0.834,
      "test_loss": 0.5280470794439316,
      "precision": 0.0,
      "recall": 0.0,
      "f1_score": 0.0,
      "update_norm": 2.237332820892334,
      "is_attacker": false,
      "kurtosis": 0.0345921516418457,
      "trust": 0.07936263829469681,
      "noise_norm": 264.4048156738281
    },
    "12": {
      "accuracy": 0.821,
      "test_loss": 0.5877409071445465,
      "precision": 0.0,
      "recall": 0.0,
      "f1_score": 0.0,
      "update_norm": 0.0,
      "is_attacker": false,
      "kurtosis": -3.0,
      "trust": -0.008485861122608185,
      "noise_norm": 315.8267517089844
    },
    "13": {
      "accuracy": 0.8195,
      "test_loss": 0.5756342395782471,
      "precision": 0.0,
      "recall": 0.0,
      "f1_score": 0.0,
      "update_norm": 5.719030857086182,
      "is_attacker": false,
      "kurtosis": 0.0035507678985595703,
      "trust": 0.20230263471603394,
      "noise_norm": 306.16339111328125
    },
    "14": {
      "accuracy": 0.8107,
      "test_loss": 0.5903921188354492,
      "precision": 0.0,
      "recall": 0.0,
      "f1_score": 0.0,
      "update_norm": 2.900886058807373,
      "is_attacker": false,
      "kurtosis": 0.015369415283203125,
      "trust": 0.10271285474300385,
      "noise_norm": 362.893310546875
    },
    "15": {
      "accuracy": 0.8195,
      "test_loss": 0.5748349017143249,
      "precision": 0.3333333333333333,
      "recall": 1.0,
      "f1_score": 0.5,
      "update_norm": 5.0164079666137695,
      "is_attacker": false,
      "kurtosis": -0.021861553192138672,
      "trust": 0.17784050107002258,
      "noise_norm": 326.0332336425781
    },
    "16": {
      "accuracy": 0.84,
      "test_loss": 0.5376687466144562,
      "precision": 0.5,
      "recall": 1.0,
      "f1_score": 0.6666666666666666,
      "update_norm": 2.876603603363037,
      "is_attacker": false,
      "kurtosis": 0.021584272384643555,
      "trust": 0.10189342498779297,
      "noise_norm": 360.4940490722656
    },
    "17": {
      "accuracy": 0.8321,
      "test_loss": 0.5369359918594361,
      "precision": 0.75,
      "recall": 1.0,
      "f1_score": 0.8571428571428571,
      "update_norm": 1.7695140838623047,
      "is_attacker": false,
      "kurtosis": -0.02171945571899414,
      "trust": 0.06247455254197121,
      "noise_norm": 317.3357238769531
    },
    "18": {
      "accuracy": 0.8313,
      "test_loss": 0.5446424801826477,
      "precision": 1.0,
      "recall": 1.0,
      "f1_score": 1.0,
      "update_norm": 5.884773254394531,
      "is_attacker": false,
      "kurtosis": 0.024196147918701172,
      "trust": 0.20852139592170715,
      "noise_norm": 386.1313171386719
    },
    "19": {
      "accuracy": 0.8109,
      "test_loss": 0.590024221277237,
      "precision": 0.8,
      "recall": 1.0,
      "f1_score": 0.888888888888889,
      "update_norm": 7.231144428253174,
      "is_attacker": false,
      "kurtosis": 0.01125955581665039,
      "trust": 0.2543460726737976,
      "noise_norm": 473.83197021484375
    }
  }
}