{
  "round": 18,
  "nodes": {
    "0": {
      "accuracy": 0.7881,
      "test_loss": 0.7244726572990418,
      "precision": 0.3,
      "recall": 1.0,
      "f1_score": 0.4615384615384615,
      "update_norm": 0.9257568120956421,
      "is_attacker": true,
      "kurtosis": 343.4134216308594
    },
    "1": {
      "accuracy": 0.8081,
      "test_loss": 0.6624705570697784,
      "precision": 0.3,
      "recall": 1.0,
      "f1_score": 0.4615384615384615,
      "update_norm": 0.9913782477378845,
      "is_attacker": true,
      "kurtosis": 316.53778076171875
    },
    "2": {
      "accuracy": 0.8147,
      "test_loss": 0.59885136013031,
      "precision": 0.3,
      "recall": 1.0,
      "f1_score": 0.4615384615384615,
      "update_norm": 0.8407363295555115,
      "is_attacker": true,
      "kurtosis": 219.52244567871094
    },
    "3": {
      "accuracy": 0.8585,
      "test_loss": 0.5111267659187317,
      "precision": 0.3333333333333333,
      "recall": 1.0,
      "f1_score": 0.5,
      "update_norm": 0.5435953736305237,
      "is_attacker": true,
      "kurtosis": 190.71630859375
    },
    "4": {
      "accuracy": 0.854,
      "test_loss": 0.49397859554290774,
      "precision": 0.4444444444444444,
      "recall": 1.0,
      "f1_score": 0.6153846153846153,
      "update_norm": 0.0,
      "is_attacker": false,
      "kurtosis": -3.0,
      "trust": -0.2554670572280884,
      "noise_norm": 398.75494384765625
    },
    "5": {
      "accuracy": 0.8667,
      "test_loss": 0.4420406555891037,
      "precision": 0.5,
      "recall": 1.0,
      "f1_score": 0.6666666666666666,
      "update_norm": 0.0,
      "is_attacker": false,
      "kurtosis": -3.0,
      "trust": -0.15116575360298157,
      "noise_norm": 355.1270751953125
    },
    "6": {
      "accuracy": 0.8583,
      "test_loss": 0.4584065703868866,
      "precision": 0.375,
      "recall": 1.0,
      "f1_score": 0.5454545454545454,
      "update_norm": 0.0,
      "is_attacker": false,
      "kurtosis": -3.0,
      "trust": -0.13091504573822021,
      "noise_norm": 283.3582458496094
    },
    "7": {
      "accuracy": 0.866,
      "test_loss": 0.4456828846693039,
      "precision": 0.25,
      "recall": 1.0,
      "f1_score": 0.4,
      "update_norm": 0.0,
      "is_attacker": false,
      "kurtosis": -3.0,
      "trust": -0.05163627117872238,
      "noise_norm": 288.0823669433594
    },
    "8": {
      "accuracy": 0.854,
      "test_loss": 0.4816946225166321,
      "precision": 0.1111111111111111,
      "recall": 1.0,
      "f1_score": 0.19999999999999998,
      "update_norm": 4.226374626159668,
      "is_attacker": false,
      "kurtosis": 0.008329153060913086,
      "trust": 0.1498899906873703,
      "noise_norm": 343.72674560546875
    },
    "9": {
      "accuracy": 0.8609,
      "test_loss": 0.45647462244033815,
      "precision": 0.0,
      "recall": 0.0,
      "f1_score": 0.0,
      "update_norm": 0.0,
      "is_attacker": false,
      "kurtosis": -3.0,
      "trust": -0.06255078315734863,
      "noise_norm": 394.7471008300781
    },
    "10": {
      "accuracy": 0.8596,
      "test_loss": 0.4487331967830658,
      "precision": 0.0,
      "recall": 0.0,
      "f1_score": 0.0,
      "update_norm": 0.3434467017650604,
      "is_attacker": false,
      "kurtosis": -0.009934186935424805,
      "trust": 0.012150149792432785,
      "noise_norm": 316.5774230957031
    },
    "11": {
      "accuracy": 0.8687,
      "test_loss": 0.4277864046931267,
      "precision": 0.0,
      "recall": 0.0,
      "f1_score": 0.0,
      "update_norm": 0.0,
      "is_attacker": false,
      "kurtosis": -3.0,
      "trust": -0.07596829533576965,
      "noise_norm": 309.67694091796875
    },
    "12": {
      "accuracy": 0.8614,
      "test_loss": 0.47759344131946563,
      "precision": 0.0,
      "recall": 0.0,
      "f1_score": 0.0,
      "update_norm": 0.0,
      "is_attacker": false,
      "kurtosis": -3.0,
      "trust": -0.050222769379615784,
      "noise_norm": 285.2016906738281
    },
    "13": {
      "accuracy": 0.8499,
      "test_loss": 0.4978400870800018,
      "precision": 0.0,
      "recall": 0.0,
      "f1_score": 0.0,
      "update_norm": 0.0,
      "is_attacker": false,
      "kurtosis": -3.0,
      "trust": -0.06001149117946625,
      "noise_norm": 332.6573181152344
    },
    "14": {
      "accuracy": 0.8528,
      "test_loss": 0.4756809366226196,
      "precision": 0.0,
      "recall": 0.0,
      "f1_score": 0.0,
      "update_norm": 0.8770560026168823,
      "is_attacker": false,
      "kurtosis": 0.015370607376098633,
      "trust": 0.0310542993247509,
      "noise_norm": 399.2402648925781
    },
    "15": {
      "accuracy": 0.8598,
      "test_loss": 0.46294927430152893,
      "precision": 0.125,
      "recall": 1.0,
      "f1_score": 0.2222222222222222,
      "update_norm": 0.0,
      "is_attacker": false,
      "kurtosis": -3.0,
      "trust": -0.09725207090377808,
      "noise_norm": 364.21453857421875
    },
    "16": {
      "accuracy": 0.8567,
      "test_loss": 0.48274842269420626,
      "precision": 0.2222222222222222,
      "recall": 1.0,
      "f1_score": 0.3636363636363636,
      "update_norm": 0.0,
      "is_attacker": false,
      "kurtosis": -3.0,
      "trust": -0.16432851552963257,
      "noise_norm": 478.0176696777344
    },
    "17": {
      "accuracy": 0.8687,
      "test_loss": 0.42685336904525756,
      "precision": 0.3333333333333333,
      "recall": 1.0,
      "f1_score": 0.5,
      "update_norm": 0.0,
      "is_attacker": false,
      "kurtosis": -3.0,
      "trust": -0.07386244833469391,
      "noise_norm": 372.18280029296875
    },
    "18": {
      "accuracy": 0.8691,
      "test_loss": 0.4240826229572296,
      "precision": 0.4444444444444444,
      "recall": 1.0,
      "f1_score": 0.6153846153846153,
      "update_norm": 0.0,
      "is_attacker": false,
      "kurtosis": -3.0,
      "trust": -0.033970318734645844,
      "noise_norm": 371.84576416015625
    },
    "19": {
      "accuracy": 0.8705,
      "test_loss": 0.429456041097641,
      "precision": 0.4444444444444444,
      "recall": 1.0,
      "f1_score": 0.6153846153846153,
      "update_norm": 0.0,
      "is_attacker": false,
      "kurtosis": -3.0,
      "trust": -0.029630623757839203,
      "noise_norm": 525.8652954101562
    }
  }
}