{
  "round": 6,
  "nodes": {
    "0": {
      "accuracy": 0.4477,
      "test_loss": 2.690007381439209,
      "precision": 1.0,
      "recall": 1.0,
      "f1_score": 1.0,
      "update_norm": 2.000002861022949,
      "is_attacker": true,
      "kurtosis": 131.27743530273438
    },
    "1": {
      "accuracy": 0.5729,
      "test_loss": 1.9922322006225586,
      "precision": 1.0,
      "recall": 1.0,
      "f1_score": 1.0,
      "update_norm": 2.0000059604644775,
      "is_attacker": true,
      "kurtosis": 147.17745971679688
    },
    "2": {
      "accuracy": 0.4758,
      "test_loss": 2.5593622074127196,
      "precision": 0.75,
      "recall": 1.0,
      "f1_score": 0.8571428571428571,
      "update_norm": 2.0000011920928955,
      "is_attacker": true,
      "kurtosis": 228.89651489257812
    },
    "3": {
      "accuracy": 0.4802,
      "test_loss": 2.674571681213379,
      "precision": 0.6,
      "recall": 1.0,
      "f1_score": 0.7499999999999999,
      "update_norm": 2.000011444091797,
      "is_attacker": true,
      "kurtosis": 186.62547302246094
    },
    "4": {
      "accuracy": 0.7501,
      "test_loss": 0.7995829399585724,
      "precision": 0.5714285714285714,
      "recall": 1.0,
      "f1_score": 0.7272727272727273,
      "update_norm": 10.402702331542969,
      "is_attacker": false,
      "kurtosis": -0.015563249588012695,
      "trust": 0.367732435464859,
      "noise_norm": 306.38104248046875
    },
    "5": {
      "accuracy": 0.785,
      "test_loss": 0.671618429517746,
      "precision": 0.5714285714285714,
      "recall": 1.0,
      "f1_score": 0.7272727272727273,
      "update_norm": 6.8258585929870605,
      "is_attacker": false,
      "kurtosis": -0.010828256607055664,
      "trust": 0.2412799447774887,
      "noise_norm": 405.84259033203125
    },
    "6": {
      "accuracy": 0.7896,
      "test_loss": 0.664131372499466,
      "precision": 0.42857142857142855,
      "recall": 1.0,
      "f1_score": 0.6,
      "update_norm": 1.205295205116272,
      "is_attacker": false,
      "kurtosis": -0.00573277473449707,
      "trust": 0.04242614656686783,
      "noise_norm": 311.0570068359375
    },
    "7": {
      "accuracy": 0.8068,
      "test_loss": 0.6058135692596436,
      "precision": 0.4,
      "recall": 1.0,
      "f1_score": 0.5714285714285715,
      "update_norm": 1.8816626071929932,
      "is_attacker": false,
      "kurtosis": -0.0379483699798584,
      "trust": 0.06623698025941849,
      "noise_norm": 296.106689453125
    },
    "8": {
      "accuracy": 0.7944,
      "test_loss": 0.637779179763794,
      "precision": 0.25,
      "recall": 1.0,
      "f1_score": 0.4,
      "update_norm": 0.0,
      "is_attacker": false,
      "kurtosis": -3.0,
      "trust": -0.047420043498277664,
      "noise_norm": 315.3213195800781
    },
    "9": {
      "accuracy": 0.7841,
      "test_loss": 0.676006672000885,
      "precision": 0.0,
      "recall": 0.0,
      "f1_score": 0.0,
      "update_norm": 0.0,
      "is_attacker": false,
      "kurtosis": -3.0,
      "trust": -0.18780043721199036,
      "noise_norm": 309.3883972167969
    },
    "10": {
      "accuracy": 0.778,
      "test_loss": 0.6792007188320159,
      "precision": 0.0,
      "recall": 0.0,
      "f1_score": 0.0,
      "update_norm": 3.315530300140381,
      "is_attacker": false,
      "kurtosis": -0.00993490219116211,
      "trust": 0.11729388684034348,
      "noise_norm": 306.6722106933594
    },
    "11": {
      "accuracy": 0.8166,
      "test_loss": 0.5852992891550064,
      "precision": 0.0,
      "recall": 0.0,
      "f1_score": 0.0,
      "update_norm": 0.0,
      "is_attacker": false,
      "kurtosis": -3.0,
      "trust": -0.029758743941783905,
      "noise_norm": 291.1072082519531
    },
    "12": {
      "accuracy": 0.7857,
      "test_loss": 0.6868695615291596,
      "precision": 0.0,
      "recall": 0.0,
      "f1_score": 0.0,
      "update_norm": 2.0614542961120605,
      "is_attacker": false,
      "kurtosis": 0.007468700408935547,
      "trust": 0.07338495552539825,
      "noise_norm": 319.9139709472656
    },
    "13": {
      "accuracy": 0.8123,
      "test_loss": 0.6159386118412018,
      "precision": 0.0,
      "recall": 0.0,
      "f1_score": 0.0,
      "update_norm": 1.2267180681228638,
      "is_attacker": false,
      "kurtosis": 0.0035507678985595703,
      "trust": 0.04339342564344406,
      "noise_norm": 315.9856262207031
    },
    "14": {
      "accuracy": 0.7928,
      "test_loss": 0.6492694059371948,
      "precision": 0.0,
      "recall": 0.0,
      "f1_score": 0.0,
      "update_norm": 2.1312639713287354,
      "is_attacker": false,
      "kurtosis": 0.015370368957519531,
      "trust": 0.07546257227659225,
      "noise_norm": 340.3095703125
    },
    "15": {
      "accuracy": 0.8096,
      "test_loss": 0.6167823182582856,
      "precision": 0.5,
      "recall": 1.0,
      "f1_score": 0.6666666666666666,
      "update_norm": 1.592859148979187,
      "is_attacker": false,
      "kurtosis": -0.021860361099243164,
      "trust": 0.056469712406396866,
      "noise_norm": 288.7705078125
    },
    "16": {
      "accuracy": 0.8193,
      "test_loss": 0.5998585168361664,
      "precision": 0.6666666666666666,
      "recall": 1.0,
      "f1_score": 0.8,
      "update_norm": 0.4331607520580292,
      "is_attacker": false,
      "kurtosis": 0.02158355712890625,
      "trust": 0.015343181788921356,
      "noise_norm": 348.65283203125
    },
    "17": {
      "accuracy": 0.8118,
      "test_loss": 0.5953175847530365,
      "precision": 1.0,
      "recall": 1.0,
      "f1_score": 1.0,
      "update_norm": 5.5592241287231445,
      "is_attacker": false,
      "kurtosis": -0.02171945571899414,
      "trust": 0.19627425074577332,
      "noise_norm": 363.7271728515625
    },
    "18": {
      "accuracy": 0.8307,
      "test_loss": 0.5741175971984863,
      "precision": 1.0,
      "recall": 1.0,
      "f1_score": 1.0,
      "update_norm": 2.8072705268859863,
      "is_attacker": false,
      "kurtosis": 0.024196147918701172,
      "trust": 0.0994730070233345,
      "noise_norm": 448.5155944824219
    },
    "19": {
      "accuracy": 0.8116,
      "test_loss": 0.5972278648376464,
      "precision": 1.0,
      "recall": 1.0,
      "f1_score": 1.0,
      "update_norm": 8.571961402893066,
      "is_attacker": false,
      "kurtosis": 0.011259078979492188,
      "trust": 0.30150777101516724,
      "noise_norm": 349.84649658203125
    }
  }
}