{
  "round": 16,
  "nodes": {
    "0": {
      "accuracy": 0.7863,
      "test_loss": 0.8142953433990479,
      "precision": 0.3333333333333333,
      "recall": 1.0,
      "f1_score": 0.5,
      "update_norm": 1.185158371925354,
      "is_attacker": true,
      "kurtosis": 367.73431396484375
    },
    "1": {
      "accuracy": 0.7215,
      "test_loss": 0.9525130239486694,
      "precision": 0.3333333333333333,
      "recall": 1.0,
      "f1_score": 0.5,
      "update_norm": 1.5018136501312256,
      "is_attacker": true,
      "kurtosis": 106.48334503173828
    },
    "2": {
      "accuracy": 0.7526,
      "test_loss": 0.7827941922187805,
      "precision": 0.3333333333333333,
      "recall": 1.0,
      "f1_score": 0.5,
      "update_norm": 1.031509518623352,
      "is_attacker": true,
      "kurtosis": 195.9579620361328
    },
    "3": {
      "accuracy": 0.8159,
      "test_loss": 0.6112646546840668,
      "precision": 0.375,
      "recall": 1.0,
      "f1_score": 0.5454545454545454,
      "update_norm": 1.063723087310791,
      "is_attacker": true,
      "kurtosis": 160.57337951660156
    },
    "4": {
      "accuracy": 0.854,
      "test_loss": 0.49625134081840516,
      "precision": 0.4444444444444444,
      "recall": 1.0,
      "f1_score": 0.6153846153846153,
      "update_norm": 0.5527987480163574,
      "is_attacker": false,
      "kurtosis": -0.015562772750854492,
      "trust": 0.01954125612974167,
      "noise_norm": 508.2306823730469
    },
    "5": {
      "accuracy": 0.8628,
      "test_loss": 0.4546575700759888,
      "precision": 0.5,
      "recall": 1.0,
      "f1_score": 0.6666666666666666,
      "update_norm": 0.0,
      "is_attacker": false,
      "kurtosis": -3.0,
      "trust": -0.045064527541399,
      "noise_norm": 458.4089050292969
    },
    "6": {
      "accuracy": 0.8531,
      "test_loss": 0.47484973707199096,
      "precision": 0.375,
      "recall": 1.0,
      "f1_score": 0.5454545454545454,
      "update_norm": 0.0,
      "is_attacker": false,
      "kurtosis": -3.0,
      "trust": -0.036605581641197205,
      "noise_norm": 468.094970703125
    },
    "7": {
      "accuracy": 0.8639,
      "test_loss": 0.45267135553359983,
      "precision": 0.25,
      "recall": 1.0,
      "f1_score": 0.4,
      "update_norm": 0.0,
      "is_attacker": false,
      "kurtosis": -3.0,
      "trust": -0.10553114861249924,
      "noise_norm": 430.4739685058594
    },
    "8": {
      "accuracy": 0.8575,
      "test_loss": 0.46834822463989256,
      "precision": 0.1111111111111111,
      "recall": 1.0,
      "f1_score": 0.19999999999999998,
      "update_norm": 2.504389524459839,
      "is_attacker": false,
      "kurtosis": 0.008329391479492188,
      "trust": 0.08881911635398865,
      "noise_norm": 342.0005798339844
    },
    "9": {
      "accuracy": 0.8552,
      "test_loss": 0.4735209028720856,
      "precision": 0.0,
      "recall": 0.0,
      "f1_score": 0.0,
      "update_norm": 0.0,
      "is_attacker": false,
      "kurtosis": -3.0,
      "trust": -0.01572227291762829,
      "noise_norm": 494.8764953613281
    },
    "10": {
      "accuracy": 0.8564,
      "test_loss": 0.46096727137565613,
      "precision": 0.0,
      "recall": 0.0,
      "f1_score": 0.0,
      "update_norm": 0.0,
      "is_attacker": false,
      "kurtosis": -3.0,
      "trust": -0.006941880099475384,
      "noise_norm": 315.3860168457031
    },
    "11": {
      "accuracy": 0.8647,
      "test_loss": 0.4410133328795433,
      "precision": 0.0,
      "recall": 0.0,
      "f1_score": 0.0,
      "update_norm": 0.0,
      "is_attacker": false,
      "kurtosis": -3.0,
      "trust": -0.12096402049064636,
      "noise_norm": 381.2435607910156
    },
    "12": {
      "accuracy": 0.855,
      "test_loss": 0.49213003251552584,
      "precision": 0.0,
      "recall": 0.0,
      "f1_score": 0.0,
      "update_norm": 0.0,
      "is_attacker": false,
      "kurtosis": -3.0,
      "trust": -0.02809065394103527,
      "noise_norm": 337.8752136230469
    },
    "13": {
      "accuracy": 0.8414,
      "test_loss": 0.5196886157035827,
      "precision": 0.0,
      "recall": 0.0,
      "f1_score": 0.0,
      "update_norm": 0.0,
      "is_attacker": false,
      "kurtosis": -3.0,
      "trust": -0.06778787821531296,
      "noise_norm": 332.2398376464844
    },
    "14": {
      "accuracy": 0.8473,
      "test_loss": 0.48547758007049563,
      "precision": 0.0,
      "recall": 0.0,
      "f1_score": 0.0,
      "update_norm": 0.9430404305458069,
      "is_attacker": false,
      "kurtosis": 0.015370368957519531,
      "trust": 0.03339063376188278,
      "noise_norm": 409.89508056640625
    },
    "15": {
      "accuracy": 0.8529,
      "test_loss": 0.48789924855232236,
      "precision": 0.1111111111111111,
      "recall": 1.0,
      "f1_score": 0.19999999999999998,
      "update_norm": 0.0,
      "is_attacker": false,
      "kurtosis": -3.0,
      "trust": -0.17774495482444763,
      "noise_norm": 376.7265625
    },
    "16": {
      "accuracy": 0.8493,
      "test_loss": 0.5057119675874711,
      "precision": 0.2222222222222222,
      "recall": 1.0,
      "f1_score": 0.3636363636363636,
      "update_norm": 0.0,
      "is_attacker": false,
      "kurtosis": -3.0,
      "trust": -0.13451586663722992,
      "noise_norm": 402.233154296875
    },
    "17": {
      "accuracy": 0.8642,
      "test_loss": 0.43898213484287263,
      "precision": 0.3333333333333333,
      "recall": 1.0,
      "f1_score": 0.5,
      "update_norm": 0.0,
      "is_attacker": false,
      "kurtosis": -3.0,
      "trust": -0.11099479347467422,
      "noise_norm": 359.3890686035156
    },
    "18": {
      "accuracy": 0.8626,
      "test_loss": 0.4445227946281433,
      "precision": 0.4444444444444444,
      "recall": 1.0,
      "f1_score": 0.6153846153846153,
      "update_norm": 0.0,
      "is_attacker": false,
      "kurtosis": -3.0,
      "trust": -0.13996092975139618,
      "noise_norm": 510.99981689453125
    },
    "19": {
      "accuracy": 0.8641,
      "test_loss": 0.4448328255176544,
      "precision": 0.5,
      "recall": 1.0,
      "f1_score": 0.6666666666666666,
      "update_norm": 0.0,
      "is_attacker": false,
      "kurtosis": -3.0,
      "trust": -0.04596547782421112,
      "noise_norm": 502.9941711425781
    }
  }
}