{
  "round": 14,
  "nodes": {
    "0": {
      "accuracy": 0.7212,
      "test_loss": 0.9935415044784546,
      "precision": 0.375,
      "recall": 1.0,
      "f1_score": 0.5454545454545454,
      "update_norm": 1.4698256254196167,
      "is_attacker": true,
      "kurtosis": 259.3272705078125
    },
    "1": {
      "accuracy": 0.6323,
      "test_loss": 1.680425138092041,
      "precision": 0.3333333333333333,
      "recall": 1.0,
      "f1_score": 0.5,
      "update_norm": 1.3285183906555176,
      "is_attacker": true,
      "kurtosis": 219.8599395751953
    },
    "2": {
      "accuracy": 0.7342,
      "test_loss": 1.0689258640289308,
      "precision": 0.3333333333333333,
      "recall": 1.0,
      "f1_score": 0.5,
      "update_norm": 1.5838369131088257,
      "is_attacker": true,
      "kurtosis": 294.39691162109375
    },
    "3": {
      "accuracy": 0.6782,
      "test_loss": 1.4903537645339966,
      "precision": 0.375,
      "recall": 1.0,
      "f1_score": 0.5454545454545454,
      "update_norm": 1.346687912940979,
      "is_attacker": true,
      "kurtosis": 212.0606689453125
    },
    "4": {
      "accuracy": 0.8486,
      "test_loss": 0.5107841630458831,
      "precision": 0.4444444444444444,
      "recall": 1.0,
      "f1_score": 0.6153846153846153,
      "update_norm": 0.0,
      "is_attacker": false,
      "kurtosis": -3.0,
      "trust": -0.017220938578248024,
      "noise_norm": 707.102783203125
    },
    "5": {
      "accuracy": 0.8588,
      "test_loss": 0.4736356604099274,
      "precision": 0.4444444444444444,
      "recall": 1.0,
      "f1_score": 0.6153846153846153,
      "update_norm": 0.0,
      "is_attacker": false,
      "kurtosis": -3.0,
      "trust": -0.04705413430929184,
      "noise_norm": 406.90185546875
    },
    "6": {
      "accuracy": 0.8457,
      "test_loss": 0.5001286207199097,
      "precision": 0.3333333333333333,
      "recall": 1.0,
      "f1_score": 0.5,
      "update_norm": 0.0,
      "is_attacker": false,
      "kurtosis": -3.0,
      "trust": -0.13673816621303558,
      "noise_norm": 539.0291137695312
    },
    "7": {
      "accuracy": 0.8563,
      "test_loss": 0.47153027086257937,
      "precision": 0.2222222222222222,
      "recall": 1.0,
      "f1_score": 0.3636363636363636,
      "update_norm": 0.0,
      "is_attacker": false,
      "kurtosis": -3.0,
      "trust": -0.06610873341560364,
      "noise_norm": 354.9732971191406
    },
    "8": {
      "accuracy": 0.8536,
      "test_loss": 0.4727145443439484,
      "precision": 0.1,
      "recall": 1.0,
      "f1_score": 0.18181818181818182,
      "update_norm": 2.488058090209961,
      "is_attacker": false,
      "kurtosis": 0.008328437805175781,
      "trust": 0.08823985606431961,
      "noise_norm": 356.9071350097656
    },
    "9": {
      "accuracy": 0.8467,
      "test_loss": 0.5024074288845062,
      "precision": 0.0,
      "recall": 0.0,
      "f1_score": 0.0,
      "update_norm": 0.0,
      "is_attacker": false,
      "kurtosis": -3.0,
      "trust": -0.08911389857530594,
      "noise_norm": 350.8875732421875
    },
    "10": {
      "accuracy": 0.8456,
      "test_loss": 0.4927183962345123,
      "precision": 0.0,
      "recall": 0.0,
      "f1_score": 0.0,
      "update_norm": 0.0,
      "is_attacker": false,
      "kurtosis": -3.0,
      "trust": -0.0021721292287111282,
      "noise_norm": 387.3758544921875
    },
    "11": {
      "accuracy": 0.855,
      "test_loss": 0.46044277322292326,
      "precision": 0.0,
      "recall": 0.0,
      "f1_score": 0.0,
      "update_norm": 0.0,
      "is_attacker": false,
      "kurtosis": -3.0,
      "trust": -0.06395810097455978,
      "noise_norm": 330.0997009277344
    },
    "12": {
      "accuracy": 0.8431,
      "test_loss": 0.5220752895832061,
      "precision": 0.0,
      "recall": 0.0,
      "f1_score": 0.0,
      "update_norm": 0.0,
      "is_attacker": false,
      "kurtosis": -3.0,
      "trust": -0.047867950052022934,
      "noise_norm": 291.4043273925781
    },
    "13": {
      "accuracy": 0.8294,
      "test_loss": 0.5603880165100098,
      "precision": 0.0,
      "recall": 0.0,
      "f1_score": 0.0,
      "update_norm": 0.0,
      "is_attacker": false,
      "kurtosis": -3.0,
      "trust": -0.15322984755039215,
      "noise_norm": 335.84521484375
    },
    "14": {
      "accuracy": 0.8429,
      "test_loss": 0.495932780456543,
      "precision": 0.0,
      "recall": 0.0,
      "f1_score": 0.0,
      "update_norm": 2.545628547668457,
      "is_attacker": false,
      "kurtosis": 0.015368938446044922,
      "trust": 0.09013421833515167,
      "noise_norm": 369.8977966308594
    },
    "15": {
      "accuracy": 0.8429,
      "test_loss": 0.5159113963127137,
      "precision": 0.125,
      "recall": 1.0,
      "f1_score": 0.2222222222222222,
      "update_norm": 0.868070662021637,
      "is_attacker": false,
      "kurtosis": -0.02186107635498047,
      "trust": 0.03077465295791626,
      "noise_norm": 432.53765869140625
    },
    "16": {
      "accuracy": 0.8338,
      "test_loss": 0.5508043753623962,
      "precision": 0.2857142857142857,
      "recall": 1.0,
      "f1_score": 0.4444444444444445,
      "update_norm": 0.0,
      "is_attacker": false,
      "kurtosis": -3.0,
      "trust": -0.09758515655994415,
      "noise_norm": 320.340576171875
    },
    "17": {
      "accuracy": 0.8553,
      "test_loss": 0.4672507703781128,
      "precision": 0.42857142857142855,
      "recall": 1.0,
      "f1_score": 0.6,
      "update_norm": 0.0,
      "is_attacker": false,
      "kurtosis": -3.0,
      "trust": -0.11692172288894653,
      "noise_norm": 387.758544921875
    },
    "18": {
      "accuracy": 0.8523,
      "test_loss": 0.47523894829750063,
      "precision": 0.5,
      "recall": 1.0,
      "f1_score": 0.6666666666666666,
      "update_norm": 3.579793930053711,
      "is_attacker": false,
      "kurtosis": 0.02419567108154297,
      "trust": 0.12684659659862518,
      "noise_norm": 468.5052795410156
    },
    "19": {
      "accuracy": 0.8564,
      "test_loss": 0.46704194984436037,
      "precision": 0.5714285714285714,
      "recall": 1.0,
      "f1_score": 0.7272727272727273,
      "update_norm": 0.0,
      "is_attacker": false,
      "kurtosis": -3.0,
      "trust": -0.06657315790653229,
      "noise_norm": 374.7812194824219
    }
  }
}