{
  "round": 10,
  "nodes": {
    "0": {
      "accuracy": 0.6013,
      "test_loss": 1.5445510362625121,
      "precision": 0.5,
      "recall": 1.0,
      "f1_score": 0.6666666666666666,
      "update_norm": 1.6363431215286255,
      "is_attacker": true,
      "kurtosis": 261.0210876464844
    },
    "1": {
      "accuracy": 0.6817,
      "test_loss": 1.1504573997497558,
      "precision": 0.5,
      "recall": 1.0,
      "f1_score": 0.6666666666666666,
      "update_norm": 1.3576841354370117,
      "is_attacker": true,
      "kurtosis": 513.3535766601562
    },
    "2": {
      "accuracy": 0.683,
      "test_loss": 1.0297925100326537,
      "precision": 0.42857142857142855,
      "recall": 1.0,
      "f1_score": 0.6,
      "update_norm": 1.5614384412765503,
      "is_attacker": true,
      "kurtosis": 216.9558563232422
    },
    "3": {
      "accuracy": 0.6486,
      "test_loss": 1.229348140335083,
      "precision": 0.5,
      "recall": 1.0,
      "f1_score": 0.6666666666666666,
      "update_norm": 1.5809152126312256,
      "is_attacker": true,
      "kurtosis": 120.94294738769531
    },
    "4": {
      "accuracy": 0.8319,
      "test_loss": 0.5675495672702789,
      "precision": 0.6666666666666666,
      "recall": 1.0,
      "f1_score": 0.8,
      "update_norm": 0.0,
      "is_attacker": false,
      "kurtosis": -3.0,
      "trust": -0.11151883006095886,
      "noise_norm": 308.8270263671875
    },
    "5": {
      "accuracy": 0.8394,
      "test_loss": 0.5317110917329788,
      "precision": 0.5714285714285714,
      "recall": 1.0,
      "f1_score": 0.7272727272727273,
      "update_norm": 0.0,
      "is_attacker": false,
      "kurtosis": -3.0,
      "trust": -0.14373810589313507,
      "noise_norm": 330.1744689941406
    },
    "6": {
      "accuracy": 0.8247,
      "test_loss": 0.5577398866653442,
      "precision": 0.375,
      "recall": 1.0,
      "f1_score": 0.5454545454545454,
      "update_norm": 4.3786115646362305,
      "is_attacker": false,
      "kurtosis": -0.005733013153076172,
      "trust": 0.15412616729736328,
      "noise_norm": 372.0220947265625
    },
    "7": {
      "accuracy": 0.8369,
      "test_loss": 0.5272124732017517,
      "precision": 0.3333333333333333,
      "recall": 1.0,
      "f1_score": 0.5,
      "update_norm": 2.606928825378418,
      "is_attacker": false,
      "kurtosis": -0.037947654724121094,
      "trust": 0.091767318546772,
      "noise_norm": 319.7166748046875
    },
    "8": {
      "accuracy": 0.8412,
      "test_loss": 0.510378594827652,
      "precision": 0.16666666666666666,
      "recall": 1.0,
      "f1_score": 0.2857142857142857,
      "update_norm": 1.1329723596572876,
      "is_attacker": false,
      "kurtosis": 0.008328676223754883,
      "trust": 0.04018127918243408,
      "noise_norm": 295.9028015136719
    },
    "9": {
      "accuracy": 0.8316,
      "test_loss": 0.5444174995422363,
      "precision": 0.0,
      "recall": 0.0,
      "f1_score": 0.0,
      "update_norm": 1.7782062292099,
      "is_attacker": false,
      "kurtosis": 0.016080141067504883,
      "trust": 0.06286090612411499,
      "noise_norm": 321.42095947265625
    },
    "10": {
      "accuracy": 0.8261,
      "test_loss": 0.5475276963710785,
      "precision": 0.0,
      "recall": 0.0,
      "f1_score": 0.0,
      "update_norm": 0.0,
      "is_attacker": false,
      "kurtosis": -3.0,
      "trust": -0.053295936435461044,
      "noise_norm": 376.79034423828125
    },
    "11": {
      "accuracy": 0.8388,
      "test_loss": 0.5115374011039734,
      "precision": 0.0,
      "recall": 0.0,
      "f1_score": 0.0,
      "update_norm": 3.794365882873535,
      "is_attacker": false,
      "kurtosis": 0.034592628479003906,
      "trust": 0.13459376990795135,
      "noise_norm": 416.2506103515625
    },
    "12": {
      "accuracy": 0.8348,
      "test_loss": 0.544990982580185,
      "precision": 0.0,
      "recall": 0.0,
      "f1_score": 0.0,
      "update_norm": 1.8641084432601929,
      "is_attacker": false,
      "kurtosis": 0.007468461990356445,
      "trust": 0.06635977327823639,
      "noise_norm": 377.03509521484375
    },
    "13": {
      "accuracy": 0.8163,
      "test_loss": 0.5802856219291687,
      "precision": 0.0,
      "recall": 0.0,
      "f1_score": 0.0,
      "update_norm": 7.494807720184326,
      "is_attacker": false,
      "kurtosis": 0.0035495758056640625,
      "trust": 0.265118271112442,
      "noise_norm": 390.4711608886719
    },
    "14": {
      "accuracy": 0.8278,
      "test_loss": 0.5433317347526551,
      "precision": 0.0,
      "recall": 0.0,
      "f1_score": 0.0,
      "update_norm": 0.0,
      "is_attacker": false,
      "kurtosis": -3.0,
      "trust": -0.06079285219311714,
      "noise_norm": 330.8870544433594
    },
    "15": {
      "accuracy": 0.8293,
      "test_loss": 0.5502087281227112,
      "precision": 0.2,
      "recall": 1.0,
      "f1_score": 0.33333333333333337,
      "update_norm": 3.6039257049560547,
      "is_attacker": false,
      "kurtosis": -0.021861553192138672,
      "trust": 0.12776565551757812,
      "noise_norm": 357.4561462402344
    },
    "16": {
      "accuracy": 0.8324,
      "test_loss": 0.5477501922130584,
      "precision": 0.4,
      "recall": 1.0,
      "f1_score": 0.5714285714285715,
      "update_norm": 7.722046852111816,
      "is_attacker": false,
      "kurtosis": 0.02158379554748535,
      "trust": 0.27352607250213623,
      "noise_norm": 314.8482971191406
    },
    "17": {
      "accuracy": 0.8498,
      "test_loss": 0.4918706694126129,
      "precision": 0.75,
      "recall": 1.0,
      "f1_score": 0.8571428571428571,
      "update_norm": 0.0,
      "is_attacker": false,
      "kurtosis": -3.0,
      "trust": -0.030883029103279114,
      "noise_norm": 428.8810119628906
    },
    "18": {
      "accuracy": 0.8392,
      "test_loss": 0.5143555613517761,
      "precision": 0.6666666666666666,
      "recall": 1.0,
      "f1_score": 0.8,
      "update_norm": 0.8477122783660889,
      "is_attacker": false,
      "kurtosis": 0.024196863174438477,
      "trust": 0.030037879943847656,
      "noise_norm": 354.811767578125
    },
    "19": {
      "accuracy": 0.8311,
      "test_loss": 0.5393582411289215,
      "precision": 0.5714285714285714,
      "recall": 1.0,
      "f1_score": 0.7272727272727273,
      "update_norm": 1.4187432527542114,
      "is_attacker": false,
      "kurtosis": 0.01125955581665039,
      "trust": 0.04990244656801224,
      "noise_norm": 354.9807434082031
    }
  }
}