{
  "round": 0,
  "nodes": {
    "0": {
      "accuracy": 0.5854,
      "test_loss": 1.284676349067688,
      "precision": 1.0,
      "recall": 1.0,
      "f1_score": 1.0,
      "update_norm": 1.7358789443969727,
      "is_attacker": true,
      "kurtosis": 12.447708129882812
    },
    "1": {
      "accuracy": 0.5833,
      "test_loss": 1.2722566928863526,
      "precision": 1.0,
      "recall": 1.0,
      "f1_score": 1.0,
      "update_norm": 1.6986061334609985,
      "is_attacker": true,
      "kurtosis": 12.131513595581055
    },
    "2": {
      "accuracy": 0.5295,
      "test_loss": 1.8297717937469482,
      "precision": 0.75,
      "recall": 1.0,
      "f1_score": 0.8571428571428571,
      "update_norm": 1.7381443977355957,
      "is_attacker": true,
      "kurtosis": 12.079300880432129
    },
    "3": {
      "accuracy": 0.5772,
      "test_loss": 1.4627574283599853,
      "precision": 0.75,
      "recall": 1.0,
      "f1_score": 0.8571428571428571,
      "update_norm": 1.7459832429885864,
      "is_attacker": true,
      "kurtosis": 12.975671768188477
    },
    "4": {
      "accuracy": 0.4142,
      "test_loss": 1.7598509838104248,
      "precision": 0.8,
      "recall": 1.0,
      "f1_score": 0.888888888888889,
      "update_norm": 28.288774490356445,
      "is_attacker": false,
      "kurtosis": -0.015563249588012695,
      "trust": 1.0,
      "noise_norm": 282.8724670410156
    },
    "5": {
      "accuracy": 0.3221,
      "test_loss": 1.902446922492981,
      "precision": 0.8,
      "recall": 1.0,
      "f1_score": 0.888888888888889,
      "update_norm": 28.290210723876953,
      "is_attacker": false,
      "kurtosis": -0.01082754135131836,
      "trust": 1.0,
      "noise_norm": 282.8950500488281
    },
    "6": {
      "accuracy": 0.3108,
      "test_loss": 2.0181838369369505,
      "precision": 0.6,
      "recall": 1.0,
      "f1_score": 0.7499999999999999,
      "update_norm": 28.409221649169922,
      "is_attacker": false,
      "kurtosis": -0.005732297897338867,
      "trust": 1.0,
      "noise_norm": 284.0972595214844
    },
    "7": {
      "accuracy": 0.5134,
      "test_loss": 1.7058039484024048,
      "precision": 0.6666666666666666,
      "recall": 1.0,
      "f1_score": 0.8,
      "update_norm": 28.40804672241211,
      "is_attacker": false,
      "kurtosis": -0.0379488468170166,
      "trust": 1.0,
      "noise_norm": 284.0631408691406
    },
    "8": {
      "accuracy": 0.3694,
      "test_loss": 1.9217526733398438,
      "precision": 0.3333333333333333,
      "recall": 1.0,
      "f1_score": 0.5,
      "update_norm": 28.196517944335938,
      "is_attacker": false,
      "kurtosis": 0.008328437805175781,
      "trust": 1.0,
      "noise_norm": 281.962890625
    },
    "9": {
      "accuracy": 0.2321,
      "test_loss": 2.112747254562378,
      "precision": 0.0,
      "recall": 0.0,
      "f1_score": 0.0,
      "update_norm": 28.287975311279297,
      "is_attacker": false,
      "kurtosis": 0.016080379486083984,
      "trust": 1.0,
      "noise_norm": 282.8785705566406
    },
    "10": {
      "accuracy": 0.1969,
      "test_loss": 2.1349246490478517,
      "precision": 0.0,
      "recall": 0.0,
      "f1_score": 0.0,
      "update_norm": 28.266864776611328,
      "is_attacker": false,
      "kurtosis": -0.009934186935424805,
      "trust": 1.0,
      "noise_norm": 282.679931640625
    },
    "11": {
      "accuracy": 0.3737,
      "test_loss": 1.848233884048462,
      "precision": 0.0,
      "recall": 0.0,
      "f1_score": 0.0,
      "update_norm": 28.191267013549805,
      "is_attacker": false,
      "kurtosis": 0.03459310531616211,
      "trust": 1.0,
      "noise_norm": 281.8974914550781
    },
    "12": {
      "accuracy": 0.3903,
      "test_loss": 1.8820814630508422,
      "precision": 0.0,
      "recall": 0.0,
      "f1_score": 0.0,
      "update_norm": 28.09096336364746,
      "is_attacker": false,
      "kurtosis": 0.007468700408935547,
      "trust": 1.0,
      "noise_norm": 280.9034729003906
    },
    "13": {
      "accuracy": 0.2335,
      "test_loss": 2.160022820663452,
      "precision": 0.0,
      "recall": 0.0,
      "f1_score": 0.0,
      "update_norm": 28.26969337463379,
      "is_attacker": false,
      "kurtosis": 0.0035505294799804688,
      "trust": 1.0,
      "noise_norm": 282.72222900390625
    },
    "14": {
      "accuracy": 0.3975,
      "test_loss": 1.833178483390808,
      "precision": 0.0,
      "recall": 0.0,
      "f1_score": 0.0,
      "update_norm": 28.242658615112305,
      "is_attacker": false,
      "kurtosis": 0.015370368957519531,
      "trust": 1.0,
      "noise_norm": 282.4122009277344
    },
    "15": {
      "accuracy": 0.3193,
      "test_loss": 2.022712146949768,
      "precision": 0.5,
      "recall": 1.0,
      "f1_score": 0.6666666666666666,
      "update_norm": 28.20733642578125,
      "is_attacker": false,
      "kurtosis": -0.021860361099243164,
      "trust": 1.0,
      "noise_norm": 282.0771484375
    },
    "16": {
      "accuracy": 0.2882,
      "test_loss": 2.037072354888916,
      "precision": 0.6666666666666666,
      "recall": 1.0,
      "f1_score": 0.8,
      "update_norm": 28.231475830078125,
      "is_attacker": false,
      "kurtosis": 0.021584272384643555,
      "trust": 1.0,
      "noise_norm": 282.3262939453125
    },
    "17": {
      "accuracy": 0.4933,
      "test_loss": 1.7259992345809936,
      "precision": 1.0,
      "recall": 1.0,
      "f1_score": 1.0,
      "update_norm": 28.323759078979492,
      "is_attacker": false,
      "kurtosis": -0.021718502044677734,
      "trust": 1.0,
      "noise_norm": 283.2160949707031
    },
    "18": {
      "accuracy": 0.4163,
      "test_loss": 1.8603869571685792,
      "precision": 1.0,
      "recall": 1.0,
      "f1_score": 1.0,
      "update_norm": 28.22144889831543,
      "is_attacker": false,
      "kurtosis": 0.024196863174438477,
      "trust": 1.0,
      "noise_norm": 282.209716796875
    },
    "19": {
      "accuracy": 0.4738,
      "test_loss": 1.7589794845581055,
      "precision": 1.0,
      "recall": 1.0,
      "f1_score": 1.0,
      "update_norm": 28.43034553527832,
      "is_attacker": false,
      "kurtosis": 0.011260271072387695,
      "trust": 1.0,
      "noise_norm": 284.28704833984375
    }
  }
}