{
  "round": 20,
  "nodes": {
    "0": {
      "accuracy": 0.8377,
      "test_loss": 0.5483775087833405,
      "precision": 0.3333333333333333,
      "recall": 1.0,
      "f1_score": 0.5,
      "update_norm": 0.6923685073852539,
      "is_attacker": true,
      "kurtosis": 147.517333984375
    },
    "1": {
      "accuracy": 0.8014,
      "test_loss": 0.681964384651184,
      "precision": 0.3,
      "recall": 1.0,
      "f1_score": 0.4615384615384615,
      "update_norm": 0.8302745223045349,
      "is_attacker": true,
      "kurtosis": 197.94400024414062
    },
    "2": {
      "accuracy": 0.8486,
      "test_loss": 0.510795062828064,
      "precision": 0.3,
      "recall": 1.0,
      "f1_score": 0.4615384615384615,
      "update_norm": 0.6342326402664185,
      "is_attacker": true,
      "kurtosis": 270.36236572265625
    },
    "3": {
      "accuracy": 0.8506,
      "test_loss": 0.556391754579544,
      "precision": 0.3,
      "recall": 1.0,
      "f1_score": 0.4615384615384615,
      "update_norm": 0.6499890089035034,
      "is_attacker": true,
      "kurtosis": 385.271728515625
    },
    "4": {
      "accuracy": 0.8614,
      "test_loss": 0.4777103147029877,
      "precision": 0.4,
      "recall": 1.0,
      "f1_score": 0.5714285714285715,
      "update_norm": 0.0,
      "is_attacker": false,
      "kurtosis": -3.0,
      "trust": -0.10511721670627594,
      "noise_norm": 373.7143249511719
    },
    "5": {
      "accuracy": 0.8682,
      "test_loss": 0.42994106585979464,
      "precision": 0.4444444444444444,
      "recall": 1.0,
      "f1_score": 0.6153846153846153,
      "update_norm": 0.0,
      "is_attacker": false,
      "kurtosis": -3.0,
      "trust": -0.11960563063621521,
      "noise_norm": 404.6930236816406
    },
    "6": {
      "accuracy": 0.8646,
      "test_loss": 0.44336920013427733,
      "precision": 0.3333333333333333,
      "recall": 1.0,
      "f1_score": 0.5,
      "update_norm": 0.0,
      "is_attacker": false,
      "kurtosis": -3.0,
      "trust": -0.019640974700450897,
      "noise_norm": 675.9085083007812
    },
    "7": {
      "accuracy": 0.8705,
      "test_loss": 0.43353138782978057,
      "precision": 0.2222222222222222,
      "recall": 1.0,
      "f1_score": 0.3636363636363636,
      "update_norm": 0.0,
      "is_attacker": false,
      "kurtosis": -3.0,
      "trust": -0.009826041758060455,
      "noise_norm": 373.6514587402344
    },
    "8": {
      "accuracy": 0.8577,
      "test_loss": 0.4748390110492706,
      "precision": 0.1111111111111111,
      "recall": 1.0,
      "f1_score": 0.19999999999999998,
      "update_norm": 0.0,
      "is_attacker": false,
      "kurtosis": -3.0,
      "trust": -0.07657817006111145,
      "noise_norm": 377.8194885253906
    },
    "9": {
      "accuracy": 0.8659,
      "test_loss": 0.44287279872894286,
      "precision": 0.0,
      "recall": 0.0,
      "f1_score": 0.0,
      "update_norm": 0.0,
      "is_attacker": false,
      "kurtosis": -3.0,
      "trust": -0.14538809657096863,
      "noise_norm": 421.7835388183594
    },
    "10": {
      "accuracy": 0.8654,
      "test_loss": 0.43314385638237,
      "precision": 0.0,
      "recall": 0.0,
      "f1_score": 0.0,
      "update_norm": 0.10416742414236069,
      "is_attacker": false,
      "kurtosis": -0.009934186935424805,
      "trust": 0.0036851465702056885,
      "noise_norm": 305.6552429199219
    },
    "11": {
      "accuracy": 0.8748,
      "test_loss": 0.41589817016124725,
      "precision": 0.0,
      "recall": 0.0,
      "f1_score": 0.0,
      "update_norm": 0.0,
      "is_attacker": false,
      "kurtosis": -3.0,
      "trust": -0.08428121358156204,
      "noise_norm": 341.2792663574219
    },
    "12": {
      "accuracy": 0.8652,
      "test_loss": 0.46188629994392394,
      "precision": 0.0,
      "recall": 0.0,
      "f1_score": 0.0,
      "update_norm": 0.0,
      "is_attacker": false,
      "kurtosis": -3.0,
      "trust": -0.09571685642004013,
      "noise_norm": 353.7994079589844
    },
    "13": {
      "accuracy": 0.8565,
      "test_loss": 0.4776595721244812,
      "precision": 0.0,
      "recall": 0.0,
      "f1_score": 0.0,
      "update_norm": 0.0,
      "is_attacker": false,
      "kurtosis": -3.0,
      "trust": -0.12862864136695862,
      "noise_norm": 301.0460205078125
    },
    "14": {
      "accuracy": 0.8588,
      "test_loss": 0.4636450026512146,
      "precision": 0.0,
      "recall": 0.0,
      "f1_score": 0.0,
      "update_norm": 0.0,
      "is_attacker": false,
      "kurtosis": -3.0,
      "trust": -0.004959192126989365,
      "noise_norm": 442.4490661621094
    },
    "15": {
      "accuracy": 0.865,
      "test_loss": 0.4471613031387329,
      "precision": 0.1111111111111111,
      "recall": 1.0,
      "f1_score": 0.19999999999999998,
      "update_norm": 0.48903119564056396,
      "is_attacker": false,
      "kurtosis": -0.021860837936401367,
      "trust": 0.017337031662464142,
      "noise_norm": 495.58251953125
    },
    "16": {
      "accuracy": 0.8614,
      "test_loss": 0.4685010555267334,
      "precision": 0.2222222222222222,
      "recall": 1.0,
      "f1_score": 0.3636363636363636,
      "update_norm": 0.0,
      "is_attacker": false,
      "kurtosis": -3.0,
      "trust": -0.09733178466558456,
      "noise_norm": 435.6146240234375
    },
    "17": {
      "accuracy": 0.8739,
      "test_loss": 0.4151348402261734,
      "precision": 0.3333333333333333,
      "recall": 1.0,
      "f1_score": 0.5,
      "update_norm": 0.0,
      "is_attacker": false,
      "kurtosis": -3.0,
      "trust": -0.08405912667512894,
      "noise_norm": 432.9303283691406
    },
    "18": {
      "accuracy": 0.8715,
      "test_loss": 0.4119268640995026,
      "precision": 0.4444444444444444,
      "recall": 1.0,
      "f1_score": 0.6153846153846153,
      "update_norm": 0.0,
      "is_attacker": false,
      "kurtosis": -3.0,
      "trust": -0.1658005267381668,
      "noise_norm": 380.7554931640625
    },
    "19": {
      "accuracy": 0.8748,
      "test_loss": 0.41660628724098203,
      "precision": 0.4444444444444444,
      "recall": 1.0,
      "f1_score": 0.6153846153846153,
      "update_norm": 0.0,
      "is_attacker": false,
      "kurtosis": -3.0,
      "trust": -0.11450034379959106,
      "noise_norm": 470.6044921875
    }
  }
}