{
  "round": 17,
  "nodes": {
    "0": {
      "accuracy": 0.789,
      "test_loss": 0.7165158816337586,
      "precision": 0.375,
      "recall": 1.0,
      "f1_score": 0.5454545454545454,
      "update_norm": 0.9756056070327759,
      "is_attacker": true,
      "kurtosis": 223.8050079345703
    },
    "1": {
      "accuracy": 0.7836,
      "test_loss": 0.7078681743621826,
      "precision": 0.375,
      "recall": 1.0,
      "f1_score": 0.5454545454545454,
      "update_norm": 1.1110774278640747,
      "is_attacker": true,
      "kurtosis": 129.523193359375
    },
    "2": {
      "accuracy": 0.8051,
      "test_loss": 0.6415773449897766,
      "precision": 0.375,
      "recall": 1.0,
      "f1_score": 0.5454545454545454,
      "update_norm": 0.9548055529594421,
      "is_attacker": true,
      "kurtosis": 420.64501953125
    },
    "3": {
      "accuracy": 0.8523,
      "test_loss": 0.4850144501686096,
      "precision": 0.375,
      "recall": 1.0,
      "f1_score": 0.5454545454545454,
      "update_norm": 0.6623570322990417,
      "is_attacker": true,
      "kurtosis": 84.6149673461914
    },
    "4": {
      "accuracy": 0.855,
      "test_loss": 0.488503010225296,
      "precision": 0.4444444444444444,
      "recall": 1.0,
      "f1_score": 0.6153846153846153,
      "update_norm": 0.0,
      "is_attacker": false,
      "kurtosis": -3.0,
      "trust": -0.07538258284330368,
      "noise_norm": 374.3627014160156
    },
    "5": {
      "accuracy": 0.865,
      "test_loss": 0.4524233101606369,
      "precision": 0.4444444444444444,
      "recall": 1.0,
      "f1_score": 0.6153846153846153,
      "update_norm": 0.0,
      "is_attacker": false,
      "kurtosis": -3.0,
      "trust": -0.10152647644281387,
      "noise_norm": 415.4529113769531
    },
    "6": {
      "accuracy": 0.8565,
      "test_loss": 0.46719549589157106,
      "precision": 0.3333333333333333,
      "recall": 1.0,
      "f1_score": 0.5,
      "update_norm": 0.0,
      "is_attacker": false,
      "kurtosis": -3.0,
      "trust": -0.06258049607276917,
      "noise_norm": 362.9390869140625
    },
    "7": {
      "accuracy": 0.8638,
      "test_loss": 0.4502526349067688,
      "precision": 0.2222222222222222,
      "recall": 1.0,
      "f1_score": 0.3636363636363636,
      "update_norm": 0.30095794796943665,
      "is_attacker": false,
      "kurtosis": -0.037949323654174805,
      "trust": 0.010594120249152184,
      "noise_norm": 324.083984375
    },
    "8": {
      "accuracy": 0.8555,
      "test_loss": 0.4748374526500702,
      "precision": 0.1,
      "recall": 1.0,
      "f1_score": 0.18181818181818182,
      "update_norm": 3.1497225761413574,
      "is_attacker": false,
      "kurtosis": 0.00832986831665039,
      "trust": 0.11170606315135956,
      "noise_norm": 519.1221923828125
    },
    "9": {
      "accuracy": 0.8576,
      "test_loss": 0.46608966612815855,
      "precision": 0.0,
      "recall": 0.0,
      "f1_score": 0.0,
      "update_norm": 0.0,
      "is_attacker": false,
      "kurtosis": -3.0,
      "trust": -0.005547370761632919,
      "noise_norm": 417.9169921875
    },
    "10": {
      "accuracy": 0.8583,
      "test_loss": 0.4535798996925354,
      "precision": 0.0,
      "recall": 0.0,
      "f1_score": 0.0,
      "update_norm": 0.0,
      "is_attacker": false,
      "kurtosis": -3.0,
      "trust": -0.10804803669452667,
      "noise_norm": 379.5959167480469
    },
    "11": {
      "accuracy": 0.867,
      "test_loss": 0.435206114089489,
      "precision": 0.0,
      "recall": 0.0,
      "f1_score": 0.0,
      "update_norm": 0.0,
      "is_attacker": false,
      "kurtosis": -3.0,
      "trust": -0.055522479116916656,
      "noise_norm": 428.6260070800781
    },
    "12": {
      "accuracy": 0.8577,
      "test_loss": 0.48393700351715085,
      "precision": 0.0,
      "recall": 0.0,
      "f1_score": 0.0,
      "update_norm": 0.0,
      "is_attacker": false,
      "kurtosis": -3.0,
      "trust": -0.03930602967739105,
      "noise_norm": 431.5943603515625
    },
    "13": {
      "accuracy": 0.848,
      "test_loss": 0.504261126947403,
      "precision": 0.0,
      "recall": 0.0,
      "f1_score": 0.0,
      "update_norm": 0.0,
      "is_attacker": false,
      "kurtosis": -3.0,
      "trust": -0.053091488778591156,
      "noise_norm": 383.67877197265625
    },
    "14": {
      "accuracy": 0.8493,
      "test_loss": 0.48220982799530027,
      "precision": 0.0,
      "recall": 0.0,
      "f1_score": 0.0,
      "update_norm": 1.4483939409255981,
      "is_attacker": false,
      "kurtosis": 0.015369892120361328,
      "trust": 0.05128384754061699,
      "noise_norm": 394.5639953613281
    },
    "15": {
      "accuracy": 0.8544,
      "test_loss": 0.47591594610214233,
      "precision": 0.14285714285714285,
      "recall": 1.0,
      "f1_score": 0.25,
      "update_norm": 0.0,
      "is_attacker": false,
      "kurtosis": -3.0,
      "trust": -0.13354350626468658,
      "noise_norm": 308.2438049316406
    },
    "16": {
      "accuracy": 0.8523,
      "test_loss": 0.4940039596557617,
      "precision": 0.2857142857142857,
      "recall": 1.0,
      "f1_score": 0.4444444444444445,
      "update_norm": 0.0,
      "is_attacker": false,
      "kurtosis": -3.0,
      "trust": -0.058414526283741,
      "noise_norm": 385.1448669433594
    },
    "17": {
      "accuracy": 0.8664,
      "test_loss": 0.43407464735507967,
      "precision": 0.375,
      "recall": 1.0,
      "f1_score": 0.5454545454545454,
      "update_norm": 0.7037869691848755,
      "is_attacker": false,
      "kurtosis": -0.021718740463256836,
      "trust": 0.024847928434610367,
      "noise_norm": 326.1343994140625
    },
    "18": {
      "accuracy": 0.8658,
      "test_loss": 0.4347883718967438,
      "precision": 0.5,
      "recall": 1.0,
      "f1_score": 0.6666666666666666,
      "update_norm": 0.11728096008300781,
      "is_attacker": false,
      "kurtosis": 0.024196624755859375,
      "trust": 0.004155742935836315,
      "noise_norm": 547.8715209960938
    },
    "19": {
      "accuracy": 0.8681,
      "test_loss": 0.43769849376678466,
      "precision": 0.5714285714285714,
      "recall": 1.0,
      "f1_score": 0.7272727272727273,
      "update_norm": 0.0,
      "is_attacker": false,
      "kurtosis": -3.0,
      "trust": -0.0010672342032194138,
      "noise_norm": 530.130615234375
    }
  }
}