{
  "round": 7,
  "nodes": {
    "0": {
      "accuracy": 0.5234,
      "test_loss": 2.854315678024292,
      "precision": 0.75,
      "recall": 1.0,
      "f1_score": 0.8571428571428571,
      "update_norm": 2.0000064373016357,
      "is_attacker": true,
      "kurtosis": 384.7350158691406
    },
    "1": {
      "accuracy": 0.4605,
      "test_loss": 3.0206727714538575,
      "precision": 0.75,
      "recall": 1.0,
      "f1_score": 0.8571428571428571,
      "update_norm": 2.000014305114746,
      "is_attacker": true,
      "kurtosis": 179.64559936523438
    },
    "2": {
      "accuracy": 0.5248,
      "test_loss": 2.4592757801055907,
      "precision": 0.75,
      "recall": 1.0,
      "f1_score": 0.8571428571428571,
      "update_norm": 1.9999970197677612,
      "is_attacker": true,
      "kurtosis": 202.142822265625
    },
    "3": {
      "accuracy": 0.5793,
      "test_loss": 1.7212568006515503,
      "precision": 0.6,
      "recall": 1.0,
      "f1_score": 0.7499999999999999,
      "update_norm": 1.9999951124191284,
      "is_attacker": true,
      "kurtosis": 421.53240966796875
    },
    "4": {
      "accuracy": 0.7843,
      "test_loss": 0.7084838297128677,
      "precision": 0.5714285714285714,
      "recall": 1.0,
      "f1_score": 0.7272727272727273,
      "update_norm": 1.6336640119552612,
      "is_attacker": false,
      "kurtosis": -0.015563011169433594,
      "trust": 0.057749539613723755,
      "noise_norm": 333.5234375
    },
    "5": {
      "accuracy": 0.7993,
      "test_loss": 0.6358783123016357,
      "precision": 0.5714285714285714,
      "recall": 1.0,
      "f1_score": 0.7272727272727273,
      "update_norm": 5.390183925628662,
      "is_attacker": false,
      "kurtosis": -0.01082754135131836,
      "trust": 0.1905316710472107,
      "noise_norm": 347.9382629394531
    },
    "6": {
      "accuracy": 0.8026,
      "test_loss": 0.6219932147979736,
      "precision": 0.42857142857142855,
      "recall": 1.0,
      "f1_score": 0.6,
      "update_norm": 2.1351141929626465,
      "is_attacker": false,
      "kurtosis": -0.00573277473449707,
      "trust": 0.07515557110309601,
      "noise_norm": 355.5022888183594
    },
    "7": {
      "accuracy": 0.8185,
      "test_loss": 0.5739195771217346,
      "precision": 0.3333333333333333,
      "recall": 1.0,
      "f1_score": 0.5,
      "update_norm": 2.119265079498291,
      "is_attacker": false,
      "kurtosis": -0.037949323654174805,
      "trust": 0.0746009349822998,
      "noise_norm": 316.26531982421875
    },
    "8": {
      "accuracy": 0.815,
      "test_loss": 0.5859904941558838,
      "precision": 0.2,
      "recall": 1.0,
      "f1_score": 0.33333333333333337,
      "update_norm": 0.0,
      "is_attacker": false,
      "kurtosis": -3.0,
      "trust": -0.05280502513051033,
      "noise_norm": 292.7963562011719
    },
    "9": {
      "accuracy": 0.8088,
      "test_loss": 0.6177706412315369,
      "precision": 0.0,
      "recall": 0.0,
      "f1_score": 0.0,
      "update_norm": 0.0,
      "is_attacker": false,
      "kurtosis": -3.0,
      "trust": -0.14899297058582306,
      "noise_norm": 295.6805419921875
    },
    "10": {
      "accuracy": 0.7921,
      "test_loss": 0.6454887501239777,
      "precision": 0.0,
      "recall": 0.0,
      "f1_score": 0.0,
      "update_norm": 3.0684256553649902,
      "is_attacker": false,
      "kurtosis": -0.009933710098266602,
      "trust": 0.10855194926261902,
      "noise_norm": 311.0518493652344
    },
    "11": {
      "accuracy": 0.8275,
      "test_loss": 0.5505363026618958,
      "precision": 0.0,
      "recall": 0.0,
      "f1_score": 0.0,
      "update_norm": 0.7537327408790588,
      "is_attacker": false,
      "kurtosis": 0.03459310531616211,
      "trust": 0.026736408472061157,
      "noise_norm": 313.57196044921875
    },
    "12": {
      "accuracy": 0.8074,
      "test_loss": 0.6246272741794586,
      "precision": 0.0,
      "recall": 0.0,
      "f1_score": 0.0,
      "update_norm": 0.0,
      "is_attacker": false,
      "kurtosis": -3.0,
      "trust": -0.1032995730638504,
      "noise_norm": 296.9424743652344
    },
    "13": {
      "accuracy": 0.8195,
      "test_loss": 0.5826426930904388,
      "precision": 0.0,
      "recall": 0.0,
      "f1_score": 0.0,
      "update_norm": 3.752973794937134,
      "is_attacker": false,
      "kurtosis": 0.003550291061401367,
      "trust": 0.13275621831417084,
      "noise_norm": 392.6084899902344
    },
    "14": {
      "accuracy": 0.8047,
      "test_loss": 0.6050634126663208,
      "precision": 0.0,
      "recall": 0.0,
      "f1_score": 0.0,
      "update_norm": 1.2780343294143677,
      "is_attacker": false,
      "kurtosis": 0.01537013053894043,
      "trust": 0.045251913368701935,
      "noise_norm": 264.352294921875
    },
    "15": {
      "accuracy": 0.8179,
      "test_loss": 0.5888221073150635,
      "precision": 0.25,
      "recall": 1.0,
      "f1_score": 0.4,
      "update_norm": 3.7132744789123535,
      "is_attacker": false,
      "kurtosis": -0.021860361099243164,
      "trust": 0.1316421777009964,
      "noise_norm": 318.627685546875
    },
    "16": {
      "accuracy": 0.8349,
      "test_loss": 0.5550517996311187,
      "precision": 0.5,
      "recall": 1.0,
      "f1_score": 0.6666666666666666,
      "update_norm": 0.0,
      "is_attacker": false,
      "kurtosis": -3.0,
      "trust": -0.0011755116283893585,
      "noise_norm": 363.3459167480469
    },
    "17": {
      "accuracy": 0.8235,
      "test_loss": 0.5667419991016388,
      "precision": 0.6,
      "recall": 1.0,
      "f1_score": 0.7499999999999999,
      "update_norm": 3.4949851036071777,
      "is_attacker": false,
      "kurtosis": -0.021718978881835938,
      "trust": 0.12339405715465546,
      "noise_norm": 372.2262268066406
    },
    "18": {
      "accuracy": 0.8335,
      "test_loss": 0.5519819968700409,
      "precision": 0.8,
      "recall": 1.0,
      "f1_score": 0.888888888888889,
      "update_norm": 6.114470958709717,
      "is_attacker": false,
      "kurtosis": 0.024196863174438477,
      "trust": 0.216660737991333,
      "noise_norm": 404.3792724609375
    },
    "19": {
      "accuracy": 0.811,
      "test_loss": 0.5938945813655854,
      "precision": 0.8,
      "recall": 1.0,
      "f1_score": 0.888888888888889,
      "update_norm": 10.30829906463623,
      "is_attacker": false,
      "kurtosis": 0.011259078979492188,
      "trust": 0.36258041858673096,
      "noise_norm": 348.5543212890625
    }
  }
}