{
  "round": 1,
  "nodes": {
    "0": {
      "accuracy": 0.3207,
      "test_loss": 4.682135809326172,
      "precision": 1.0,
      "recall": 1.0,
      "f1_score": 1.0,
      "update_norm": 1.0532070398330688,
      "is_attacker": true,
      "kurtosis": 106.40647888183594
    },
    "1": {
      "accuracy": 0.2865,
      "test_loss": 4.745499193572998,
      "precision": 1.0,
      "recall": 1.0,
      "f1_score": 1.0,
      "update_norm": 1.0704467296600342,
      "is_attacker": true,
      "kurtosis": 155.84918212890625
    },
    "2": {
      "accuracy": 0.2007,
      "test_loss": 8.825342388916015,
      "precision": 0.75,
      "recall": 1.0,
      "f1_score": 0.8571428571428571,
      "update_norm": 1.3209391832351685,
      "is_attacker": true,
      "kurtosis": 160.2585906982422
    },
    "3": {
      "accuracy": 0.268,
      "test_loss": 6.1570712852478025,
      "precision": 0.75,
      "recall": 1.0,
      "f1_score": 0.8571428571428571,
      "update_norm": 1.1548566818237305,
      "is_attacker": true,
      "kurtosis": 210.71234130859375
    },
    "4": {
      "accuracy": 0.6075,
      "test_loss": 1.2152975967407227,
      "precision": 0.8,
      "recall": 1.0,
      "f1_score": 0.888888888888889,
      "update_norm": 8.085923194885254,
      "is_attacker": false,
      "kurtosis": -0.01556396484375,
      "trust": 0.2858352065086365,
      "noise_norm": 285.8337707519531
    },
    "5": {
      "accuracy": 0.6106,
      "test_loss": 1.3193282234191894,
      "precision": 0.8,
      "recall": 1.0,
      "f1_score": 0.888888888888889,
      "update_norm": 8.986112594604492,
      "is_attacker": false,
      "kurtosis": -0.01082754135131836,
      "trust": 0.317640483379364,
      "noise_norm": 281.9116516113281
    },
    "6": {
      "accuracy": 0.5757,
      "test_loss": 1.4465555124282836,
      "precision": 0.6,
      "recall": 1.0,
      "f1_score": 0.7499999999999999,
      "update_norm": 10.348567008972168,
      "is_attacker": false,
      "kurtosis": -0.00573277473449707,
      "trust": 0.36426737904548645,
      "noise_norm": 278.1239013671875
    },
    "7": {
      "accuracy": 0.6517,
      "test_loss": 1.2210302923202514,
      "precision": 0.6666666666666666,
      "recall": 1.0,
      "f1_score": 0.8,
      "update_norm": 11.343631744384766,
      "is_attacker": false,
      "kurtosis": -0.037947654724121094,
      "trust": 0.39931076765060425,
      "noise_norm": 281.69256591796875
    },
    "8": {
      "accuracy": 0.5797,
      "test_loss": 1.407563451385498,
      "precision": 0.3333333333333333,
      "recall": 1.0,
      "f1_score": 0.5,
      "update_norm": 14.403971672058105,
      "is_attacker": false,
      "kurtosis": 0.008329153060913086,
      "trust": 0.5108422636985779,
      "noise_norm": 282.1380310058594
    },
    "9": {
      "accuracy": 0.4614,
      "test_loss": 1.6173080173492431,
      "precision": 0.0,
      "recall": 0.0,
      "f1_score": 0.0,
      "update_norm": 15.58384895324707,
      "is_attacker": false,
      "kurtosis": 0.016080141067504883,
      "trust": 0.550900399684906,
      "noise_norm": 278.0694580078125
    },
    "10": {
      "accuracy": 0.4987,
      "test_loss": 1.5401263664245606,
      "precision": 0.0,
      "recall": 0.0,
      "f1_score": 0.0,
      "update_norm": 16.15169334411621,
      "is_attacker": false,
      "kurtosis": -0.009932994842529297,
      "trust": 0.5714000463485718,
      "noise_norm": 279.25201416015625
    },
    "11": {
      "accuracy": 0.5752,
      "test_loss": 1.343301078414917,
      "precision": 0.0,
      "recall": 0.0,
      "f1_score": 0.0,
      "update_norm": 15.033698081970215,
      "is_attacker": false,
      "kurtosis": 0.034592628479003906,
      "trust": 0.5332751274108887,
      "noise_norm": 278.45867919921875
    },
    "12": {
      "accuracy": 0.5937,
      "test_loss": 1.3553024827957154,
      "precision": 0.0,
      "recall": 0.0,
      "f1_score": 0.0,
      "update_norm": 16.52000617980957,
      "is_attacker": false,
      "kurtosis": 0.007468700408935547,
      "trust": 0.5880900621414185,
      "noise_norm": 278.68316650390625
    },
    "13": {
      "accuracy": 0.44,
      "test_loss": 1.6711122482299805,
      "precision": 0.0,
      "recall": 0.0,
      "f1_score": 0.0,
      "update_norm": 16.806026458740234,
      "is_attacker": false,
      "kurtosis": 0.0035505294799804688,
      "trust": 0.5944889783859253,
      "noise_norm": 278.5272521972656
    },
    "14": {
      "accuracy": 0.6236,
      "test_loss": 1.3191749477386474,
      "precision": 0.0,
      "recall": 0.0,
      "f1_score": 0.0,
      "update_norm": 15.695982933044434,
      "is_attacker": false,
      "kurtosis": 0.015369892120361328,
      "trust": 0.5557541847229004,
      "noise_norm": 279.9177551269531
    },
    "15": {
      "accuracy": 0.5447,
      "test_loss": 1.4791515457153321,
      "precision": 0.5,
      "recall": 1.0,
      "f1_score": 0.6666666666666666,
      "update_norm": 13.118576049804688,
      "is_attacker": false,
      "kurtosis": -0.021860361099243164,
      "trust": 0.4650770425796509,
      "noise_norm": 281.4014587402344
    },
    "16": {
      "accuracy": 0.5954,
      "test_loss": 1.4759053501129151,
      "precision": 0.6666666666666666,
      "recall": 1.0,
      "f1_score": 0.8,
      "update_norm": 10.357065200805664,
      "is_attacker": false,
      "kurtosis": 0.02158379554748535,
      "trust": 0.3668622374534607,
      "noise_norm": 281.9549865722656
    },
    "17": {
      "accuracy": 0.6691,
      "test_loss": 1.2048304676055908,
      "precision": 1.0,
      "recall": 1.0,
      "f1_score": 1.0,
      "update_norm": 7.512156963348389,
      "is_attacker": false,
      "kurtosis": -0.021718740463256836,
      "trust": 0.26522451639175415,
      "noise_norm": 281.90740966796875
    },
    "18": {
      "accuracy": 0.6641,
      "test_loss": 1.3128690982818603,
      "precision": 1.0,
      "recall": 1.0,
      "f1_score": 1.0,
      "update_norm": 6.056148529052734,
      "is_attacker": false,
      "kurtosis": 0.024196147918701172,
      "trust": 0.21459391713142395,
      "noise_norm": 280.509521484375
    },
    "19": {
      "accuracy": 0.6822,
      "test_loss": 1.2005325255393982,
      "precision": 1.0,
      "recall": 1.0,
      "f1_score": 1.0,
      "update_norm": 1.9858181476593018,
      "is_attacker": false,
      "kurtosis": 0.01125955581665039,
      "trust": 0.06984852254390717,
      "noise_norm": 281.3921203613281
    }
  }
}