{
  "round": 5,
  "nodes": {
    "0": {
      "accuracy": 0.4745,
      "test_loss": 3.1029137172698973,
      "precision": 1.0,
      "recall": 1.0,
      "f1_score": 1.0,
      "update_norm": 1.9999955892562866,
      "is_attacker": true,
      "kurtosis": 192.40940856933594
    },
    "1": {
      "accuracy": 0.4193,
      "test_loss": 3.093531665802002,
      "precision": 1.0,
      "recall": 1.0,
      "f1_score": 1.0,
      "update_norm": 1.9999923706054688,
      "is_attacker": true,
      "kurtosis": 516.4961547851562
    },
    "2": {
      "accuracy": 0.4375,
      "test_loss": 3.1359748680114747,
      "precision": 0.75,
      "recall": 1.0,
      "f1_score": 0.8571428571428571,
      "update_norm": 1.9999914169311523,
      "is_attacker": true,
      "kurtosis": 232.05441284179688
    },
    "3": {
      "accuracy": 0.4575,
      "test_loss": 2.5157901203155517,
      "precision": 0.75,
      "recall": 1.0,
      "f1_score": 0.8571428571428571,
      "update_norm": 2.0000007152557373,
      "is_attacker": true,
      "kurtosis": 119.2767562866211
    },
    "4": {
      "accuracy": 0.7256,
      "test_loss": 0.8386971811294556,
      "precision": 0.8,
      "recall": 1.0,
      "f1_score": 0.888888888888889,
      "update_norm": 12.107833862304688,
      "is_attacker": false,
      "kurtosis": -0.015563249588012695,
      "trust": 0.4280085563659668,
      "noise_norm": 300.8731384277344
    },
    "5": {
      "accuracy": 0.7724,
      "test_loss": 0.704952661037445,
      "precision": 0.8,
      "recall": 1.0,
      "f1_score": 0.888888888888889,
      "update_norm": 7.051950454711914,
      "is_attacker": false,
      "kurtosis": -0.01082754135131836,
      "trust": 0.24927182495594025,
      "noise_norm": 290.5827941894531
    },
    "6": {
      "accuracy": 0.7706,
      "test_loss": 0.7252432926177979,
      "precision": 0.6,
      "recall": 1.0,
      "f1_score": 0.7499999999999999,
      "update_norm": 3.469398021697998,
      "is_attacker": false,
      "kurtosis": -0.00573277473449707,
      "trust": 0.12212210893630981,
      "noise_norm": 299.7938232421875
    },
    "7": {
      "accuracy": 0.7926,
      "test_loss": 0.658698736667633,
      "precision": 0.6666666666666666,
      "recall": 1.0,
      "f1_score": 0.8,
      "update_norm": 3.3423168659210205,
      "is_attacker": false,
      "kurtosis": -0.0379483699798584,
      "trust": 0.11765401065349579,
      "noise_norm": 287.5984191894531
    },
    "8": {
      "accuracy": 0.7622,
      "test_loss": 0.7275844620704651,
      "precision": 0.25,
      "recall": 1.0,
      "f1_score": 0.4,
      "update_norm": 3.0039634704589844,
      "is_attacker": false,
      "kurtosis": 0.008329153060913086,
      "trust": 0.10653670132160187,
      "noise_norm": 300.964111328125
    },
    "9": {
      "accuracy": 0.7454,
      "test_loss": 0.7974841460227966,
      "precision": 0.0,
      "recall": 0.0,
      "f1_score": 0.0,
      "update_norm": 1.9067095518112183,
      "is_attacker": false,
      "kurtosis": 0.016080379486083984,
      "trust": 0.06740359961986542,
      "noise_norm": 288.4081726074219
    },
    "10": {
      "accuracy": 0.7586,
      "test_loss": 0.7398485145568847,
      "precision": 0.0,
      "recall": 0.0,
      "f1_score": 0.0,
      "update_norm": 4.1417717933654785,
      "is_attacker": false,
      "kurtosis": -0.009934663772583008,
      "trust": 0.14652396738529205,
      "noise_norm": 308.4390869140625
    },
    "11": {
      "accuracy": 0.7973,
      "test_loss": 0.6444831242084503,
      "precision": 0.0,
      "recall": 0.0,
      "f1_score": 0.0,
      "update_norm": 0.4210362732410431,
      "is_attacker": false,
      "kurtosis": 0.034592628479003906,
      "trust": 0.014935001730918884,
      "noise_norm": 308.3162536621094
    },
    "12": {
      "accuracy": 0.7567,
      "test_loss": 0.7731097819328309,
      "precision": 0.0,
      "recall": 0.0,
      "f1_score": 0.0,
      "update_norm": 6.10280704498291,
      "is_attacker": false,
      "kurtosis": 0.007468461990356445,
      "trust": 0.21725144982337952,
      "noise_norm": 302.6432189941406
    },
    "13": {
      "accuracy": 0.7936,
      "test_loss": 0.6775692636489868,
      "precision": 0.0,
      "recall": 0.0,
      "f1_score": 0.0,
      "update_norm": 0.0,
      "is_attacker": false,
      "kurtosis": -3.0,
      "trust": -0.08438777923583984,
      "noise_norm": 277.7049560546875
    },
    "14": {
      "accuracy": 0.7725,
      "test_loss": 0.7067526829719544,
      "precision": 0.0,
      "recall": 0.0,
      "f1_score": 0.0,
      "update_norm": 6.077828407287598,
      "is_attacker": false,
      "kurtosis": 0.015369892120361328,
      "trust": 0.215200275182724,
      "noise_norm": 287.40130615234375
    },
    "15": {
      "accuracy": 0.7918,
      "test_loss": 0.6743475112915039,
      "precision": 0.3333333333333333,
      "recall": 1.0,
      "f1_score": 0.5,
      "update_norm": 1.4491963386535645,
      "is_attacker": false,
      "kurtosis": -0.021860361099243164,
      "trust": 0.0513765886425972,
      "noise_norm": 333.0809020996094
    },
    "16": {
      "accuracy": 0.8011,
      "test_loss": 0.6599990573883057,
      "precision": 0.5,
      "recall": 1.0,
      "f1_score": 0.6666666666666666,
      "update_norm": 0.742520809173584,
      "is_attacker": false,
      "kurtosis": 0.021584510803222656,
      "trust": 0.02630113810300827,
      "noise_norm": 315.7400207519531
    },
    "17": {
      "accuracy": 0.801,
      "test_loss": 0.6371308821201325,
      "precision": 0.75,
      "recall": 1.0,
      "f1_score": 0.8571428571428571,
      "update_norm": 6.342965602874756,
      "is_attacker": false,
      "kurtosis": -0.021718263626098633,
      "trust": 0.22394496202468872,
      "noise_norm": 324.68377685546875
    },
    "18": {
      "accuracy": 0.8225,
      "test_loss": 0.6162366494178771,
      "precision": 0.8,
      "recall": 1.0,
      "f1_score": 0.888888888888889,
      "update_norm": 3.419063091278076,
      "is_attacker": false,
      "kurtosis": 0.024196624755859375,
      "trust": 0.12115117907524109,
      "noise_norm": 407.8854675292969
    },
    "19": {
      "accuracy": 0.8122,
      "test_loss": 0.6219543365955352,
      "precision": 1.0,
      "recall": 1.0,
      "f1_score": 1.0,
      "update_norm": 7.280734539031982,
      "is_attacker": false,
      "kurtosis": 0.01125955581665039,
      "trust": 0.2560904026031494,
      "noise_norm": 448.5470275878906
    }
  }
}