{
  "round": 13,
  "nodes": {
    "0": {
      "accuracy": 0.6851,
      "test_loss": 1.2218679809570312,
      "precision": 0.75,
      "recall": 1.0,
      "f1_score": 0.8571428571428571,
      "update_norm": 1.3550074100494385,
      "is_attacker": true,
      "kurtosis": 119.18992614746094
    },
    "1": {
      "accuracy": 0.6955,
      "test_loss": 1.0680235469818116,
      "precision": 0.6,
      "recall": 1.0,
      "f1_score": 0.7499999999999999,
      "update_norm": 1.4246717691421509,
      "is_attacker": true,
      "kurtosis": 163.98715209960938
    },
    "2": {
      "accuracy": 0.6482,
      "test_loss": 1.406666208267212,
      "precision": 0.5,
      "recall": 1.0,
      "f1_score": 0.6666666666666666,
      "update_norm": 1.4272242784500122,
      "is_attacker": true,
      "kurtosis": 199.35716247558594
    },
    "3": {
      "accuracy": 0.7313,
      "test_loss": 1.0694583715438843,
      "precision": 0.42857142857142855,
      "recall": 1.0,
      "f1_score": 0.6,
      "update_norm": 1.2473026514053345,
      "is_attacker": true,
      "kurtosis": 272.859375
    },
    "4": {
      "accuracy": 0.846,
      "test_loss": 0.5210612687587738,
      "precision": 0.4444444444444444,
      "recall": 1.0,
      "f1_score": 0.6153846153846153,
      "update_norm": 0.3963201642036438,
      "is_attacker": false,
      "kurtosis": -0.01556396484375,
      "trust": 0.01400979608297348,
      "noise_norm": 388.11651611328125
    },
    "5": {
      "accuracy": 0.8537,
      "test_loss": 0.4856642999649048,
      "precision": 0.5,
      "recall": 1.0,
      "f1_score": 0.6666666666666666,
      "update_norm": 0.4035359025001526,
      "is_attacker": false,
      "kurtosis": -0.010828733444213867,
      "trust": 0.014264161698520184,
      "noise_norm": 416.2192687988281
    },
    "6": {
      "accuracy": 0.8401,
      "test_loss": 0.5180374795913696,
      "precision": 0.42857142857142855,
      "recall": 1.0,
      "f1_score": 0.6,
      "update_norm": 0.0,
      "is_attacker": false,
      "kurtosis": -3.0,
      "trust": -0.11242425441741943,
      "noise_norm": 497.0611267089844
    },
    "7": {
      "accuracy": 0.8514,
      "test_loss": 0.4880927429199219,
      "precision": 0.3333333333333333,
      "recall": 1.0,
      "f1_score": 0.5,
      "update_norm": 1.4087101221084595,
      "is_attacker": false,
      "kurtosis": -0.0379483699798584,
      "trust": 0.04958847165107727,
      "noise_norm": 353.6149597167969
    },
    "8": {
      "accuracy": 0.8511,
      "test_loss": 0.4763679560184479,
      "precision": 0.2,
      "recall": 1.0,
      "f1_score": 0.33333333333333337,
      "update_norm": 0.0,
      "is_attacker": false,
      "kurtosis": -3.0,
      "trust": -0.08047134429216385,
      "noise_norm": 383.27069091796875
    },
    "9": {
      "accuracy": 0.8365,
      "test_loss": 0.5228083200454712,
      "precision": 0.0,
      "recall": 0.0,
      "f1_score": 0.0,
      "update_norm": 0.0,
      "is_attacker": false,
      "kurtosis": -3.0,
      "trust": -0.00897117331624031,
      "noise_norm": 317.89508056640625
    },
    "10": {
      "accuracy": 0.8433,
      "test_loss": 0.5022281715869904,
      "precision": 0.0,
      "recall": 0.0,
      "f1_score": 0.0,
      "update_norm": 0.9814725518226624,
      "is_attacker": false,
      "kurtosis": -0.009933948516845703,
      "trust": 0.034721653908491135,
      "noise_norm": 338.75604248046875
    },
    "11": {
      "accuracy": 0.8524,
      "test_loss": 0.4738291778445244,
      "precision": 0.0,
      "recall": 0.0,
      "f1_score": 0.0,
      "update_norm": 0.0,
      "is_attacker": false,
      "kurtosis": -3.0,
      "trust": -0.028196880593895912,
      "noise_norm": 336.3354797363281
    },
    "12": {
      "accuracy": 0.8385,
      "test_loss": 0.5455627472877502,
      "precision": 0.0,
      "recall": 0.0,
      "f1_score": 0.0,
      "update_norm": 2.5127522945404053,
      "is_attacker": false,
      "kurtosis": 0.00746917724609375,
      "trust": 0.08945049345493317,
      "noise_norm": 312.10150146484375
    },
    "13": {
      "accuracy": 0.8186,
      "test_loss": 0.5897755130290985,
      "precision": 0.0,
      "recall": 0.0,
      "f1_score": 0.0,
      "update_norm": 2.9408457279205322,
      "is_attacker": false,
      "kurtosis": 0.003551483154296875,
      "trust": 0.10402821749448776,
      "noise_norm": 311.84136962890625
    },
    "14": {
      "accuracy": 0.8453,
      "test_loss": 0.4938406946182251,
      "precision": 0.0,
      "recall": 0.0,
      "f1_score": 0.0,
      "update_norm": 0.9004272222518921,
      "is_attacker": false,
      "kurtosis": 0.015369415283203125,
      "trust": 0.031881824135780334,
      "noise_norm": 330.56939697265625
    },
    "15": {
      "accuracy": 0.8377,
      "test_loss": 0.5331595511436462,
      "precision": 0.3333333333333333,
      "recall": 1.0,
      "f1_score": 0.5,
      "update_norm": 3.4034197330474854,
      "is_attacker": false,
      "kurtosis": -0.02186107635498047,
      "trust": 0.12065741419792175,
      "noise_norm": 406.02789306640625
    },
    "16": {
      "accuracy": 0.8227,
      "test_loss": 0.582504365491867,
      "precision": 0.5,
      "recall": 1.0,
      "f1_score": 0.6666666666666666,
      "update_norm": 2.4855105876922607,
      "is_attacker": false,
      "kurtosis": 0.02158331871032715,
      "trust": 0.08804041892290115,
      "noise_norm": 338.5607604980469
    },
    "17": {
      "accuracy": 0.852,
      "test_loss": 0.4787998448848724,
      "precision": 0.75,
      "recall": 1.0,
      "f1_score": 0.8571428571428571,
      "update_norm": 1.1015002727508545,
      "is_attacker": false,
      "kurtosis": -0.02171945571899414,
      "trust": 0.038889627903699875,
      "noise_norm": 453.6324462890625
    },
    "18": {
      "accuracy": 0.8499,
      "test_loss": 0.47984337639808655,
      "precision": 0.8,
      "recall": 1.0,
      "f1_score": 0.888888888888889,
      "update_norm": 2.409785032272339,
      "is_attacker": false,
      "kurtosis": 0.024196147918701172,
      "trust": 0.08538850396871567,
      "noise_norm": 434.02398681640625
    },
    "19": {
      "accuracy": 0.8534,
      "test_loss": 0.479022420835495,
      "precision": 1.0,
      "recall": 1.0,
      "f1_score": 1.0,
      "update_norm": 0.0,
      "is_attacker": false,
      "kurtosis": -3.0,
      "trust": -0.05272787809371948,
      "noise_norm": 455.79046630859375
    }
  }
}