{
  "round": 2,
  "nodes": {
    "0": {
      "accuracy": 0.345,
      "test_loss": 10.730549047851563,
      "precision": 1.0,
      "recall": 1.0,
      "f1_score": 1.0,
      "update_norm": 1.9999991655349731,
      "is_attacker": true,
      "kurtosis": 155.36708068847656
    },
    "1": {
      "accuracy": 0.4131,
      "test_loss": 8.772393132019044,
      "precision": 1.0,
      "recall": 1.0,
      "f1_score": 1.0,
      "update_norm": 2.0000016689300537,
      "is_attacker": true,
      "kurtosis": 171.7789764404297
    },
    "2": {
      "accuracy": 0.4472,
      "test_loss": 7.121407233428955,
      "precision": 0.75,
      "recall": 1.0,
      "f1_score": 0.8571428571428571,
      "update_norm": 2.0000014305114746,
      "is_attacker": true,
      "kurtosis": 162.07977294921875
    },
    "3": {
      "accuracy": 0.3313,
      "test_loss": 9.395827354431152,
      "precision": 0.75,
      "recall": 1.0,
      "f1_score": 0.8571428571428571,
      "update_norm": 2.0000009536743164,
      "is_attacker": true,
      "kurtosis": 483.0677185058594
    },
    "4": {
      "accuracy": 0.6724,
      "test_loss": 0.9862603381156921,
      "precision": 0.8,
      "recall": 1.0,
      "f1_score": 0.888888888888889,
      "update_norm": 12.017450332641602,
      "is_attacker": false,
      "kurtosis": -0.015564203262329102,
      "trust": 0.42481333017349243,
      "noise_norm": 303.2467041015625
    },
    "5": {
      "accuracy": 0.6883,
      "test_loss": 1.0156864822387695,
      "precision": 0.8,
      "recall": 1.0,
      "f1_score": 0.888888888888889,
      "update_norm": 11.35193157196045,
      "is_attacker": false,
      "kurtosis": -0.01082754135131836,
      "trust": 0.40126699209213257,
      "noise_norm": 292.8262634277344
    },
    "6": {
      "accuracy": 0.6478,
      "test_loss": 1.1284331020355225,
      "precision": 0.6,
      "recall": 1.0,
      "f1_score": 0.7499999999999999,
      "update_norm": 12.736639976501465,
      "is_attacker": false,
      "kurtosis": -0.00573277473449707,
      "trust": 0.44832706451416016,
      "noise_norm": 296.60357666015625
    },
    "7": {
      "accuracy": 0.6998,
      "test_loss": 0.9746668455123901,
      "precision": 0.6666666666666666,
      "recall": 1.0,
      "f1_score": 0.8,
      "update_norm": 13.844080924987793,
      "is_attacker": false,
      "kurtosis": -0.0379486083984375,
      "trust": 0.4873298108577728,
      "noise_norm": 288.2761535644531
    },
    "8": {
      "accuracy": 0.6276,
      "test_loss": 1.1527840080261231,
      "precision": 0.3333333333333333,
      "recall": 1.0,
      "f1_score": 0.5,
      "update_norm": 18.30841827392578,
      "is_attacker": false,
      "kurtosis": 0.008329153060913086,
      "trust": 0.6493147611618042,
      "noise_norm": 283.8189697265625
    },
    "9": {
      "accuracy": 0.5301,
      "test_loss": 1.4319659364700317,
      "precision": 0.0,
      "recall": 0.0,
      "f1_score": 0.0,
      "update_norm": 17.35951805114746,
      "is_attacker": false,
      "kurtosis": 0.016080379486083984,
      "trust": 0.6136721968650818,
      "noise_norm": 276.32733154296875
    },
    "10": {
      "accuracy": 0.605,
      "test_loss": 1.1984494179725647,
      "precision": 0.0,
      "recall": 0.0,
      "f1_score": 0.0,
      "update_norm": 15.336750984191895,
      "is_attacker": false,
      "kurtosis": -0.009934186935424805,
      "trust": 0.5425698757171631,
      "noise_norm": 282.2801208496094
    },
    "11": {
      "accuracy": 0.6436,
      "test_loss": 1.076937682914734,
      "precision": 0.0,
      "recall": 0.0,
      "f1_score": 0.0,
      "update_norm": 15.997303009033203,
      "is_attacker": false,
      "kurtosis": 0.034592628479003906,
      "trust": 0.5674561262130737,
      "noise_norm": 285.6246337890625
    },
    "12": {
      "accuracy": 0.6444,
      "test_loss": 1.097806870365143,
      "precision": 0.0,
      "recall": 0.0,
      "f1_score": 0.0,
      "update_norm": 18.814468383789062,
      "is_attacker": false,
      "kurtosis": 0.00746917724609375,
      "trust": 0.6697701811790466,
      "noise_norm": 280.01025390625
    },
    "13": {
      "accuracy": 0.5533,
      "test_loss": 1.310860894203186,
      "precision": 0.0,
      "recall": 0.0,
      "f1_score": 0.0,
      "update_norm": 17.74160385131836,
      "is_attacker": false,
      "kurtosis": 0.003551006317138672,
      "trust": 0.6275836825370789,
      "noise_norm": 277.6341247558594
    },
    "14": {
      "accuracy": 0.6684,
      "test_loss": 1.058782621192932,
      "precision": 0.0,
      "recall": 0.0,
      "f1_score": 0.0,
      "update_norm": 17.77763557434082,
      "is_attacker": false,
      "kurtosis": 0.015370607376098633,
      "trust": 0.6294605731964111,
      "noise_norm": 282.4071350097656
    },
    "15": {
      "accuracy": 0.642,
      "test_loss": 1.1525595911026,
      "precision": 0.5,
      "recall": 1.0,
      "f1_score": 0.6666666666666666,
      "update_norm": 15.279315948486328,
      "is_attacker": false,
      "kurtosis": -0.021860837936401367,
      "trust": 0.5416792631149292,
      "noise_norm": 291.17449951171875
    },
    "16": {
      "accuracy": 0.6707,
      "test_loss": 1.1343784327507018,
      "precision": 0.6666666666666666,
      "recall": 1.0,
      "f1_score": 0.8,
      "update_norm": 11.926400184631348,
      "is_attacker": false,
      "kurtosis": 0.02158379554748535,
      "trust": 0.4224502742290497,
      "noise_norm": 280.0758361816406
    },
    "17": {
      "accuracy": 0.7299,
      "test_loss": 0.9235611271858215,
      "precision": 1.0,
      "recall": 1.0,
      "f1_score": 1.0,
      "update_norm": 11.76755142211914,
      "is_attacker": false,
      "kurtosis": -0.021718978881835938,
      "trust": 0.4154662489891052,
      "noise_norm": 287.32073974609375
    },
    "18": {
      "accuracy": 0.7288,
      "test_loss": 0.9989089046478271,
      "precision": 1.0,
      "recall": 1.0,
      "f1_score": 1.0,
      "update_norm": 7.195853233337402,
      "is_attacker": false,
      "kurtosis": 0.024196147918701172,
      "trust": 0.254978209733963,
      "noise_norm": 334.6930236816406
    },
    "19": {
      "accuracy": 0.7664,
      "test_loss": 0.9085642906188964,
      "precision": 1.0,
      "recall": 1.0,
      "f1_score": 1.0,
      "update_norm": 2.033221483230591,
      "is_attacker": false,
      "kurtosis": 0.01125955581665039,
      "trust": 0.07151591777801514,
      "noise_norm": 289.9892578125
    }
  }
}