{
  "round": 9,
  "nodes": {
    "0": {
      "accuracy": 0.5922,
      "test_loss": 1.4930095140457154,
      "precision": 0.5,
      "recall": 1.0,
      "f1_score": 0.6666666666666666,
      "update_norm": 2.0000085830688477,
      "is_attacker": true,
      "kurtosis": 120.17805480957031
    },
    "1": {
      "accuracy": 0.6512,
      "test_loss": 1.2558922611236571,
      "precision": 0.5,
      "recall": 1.0,
      "f1_score": 0.6666666666666666,
      "update_norm": 1.5213850736618042,
      "is_attacker": true,
      "kurtosis": 253.50479125976562
    },
    "2": {
      "accuracy": 0.6431,
      "test_loss": 1.3252942678451538,
      "precision": 0.42857142857142855,
      "recall": 1.0,
      "f1_score": 0.6,
      "update_norm": 1.897106647491455,
      "is_attacker": true,
      "kurtosis": 100.27066040039062
    },
    "3": {
      "accuracy": 0.628,
      "test_loss": 1.3634768115997316,
      "precision": 0.5,
      "recall": 1.0,
      "f1_score": 0.6666666666666666,
      "update_norm": 1.999986171722412,
      "is_attacker": true,
      "kurtosis": 137.0110626220703
    },
    "4": {
      "accuracy": 0.8223,
      "test_loss": 0.5982388117790222,
      "precision": 0.6666666666666666,
      "recall": 1.0,
      "f1_score": 0.8,
      "update_norm": 0.0,
      "is_attacker": false,
      "kurtosis": -3.0,
      "trust": -0.19294673204421997,
      "noise_norm": 366.1258850097656
    },
    "5": {
      "accuracy": 0.8303,
      "test_loss": 0.5563528284788132,
      "precision": 0.6666666666666666,
      "recall": 1.0,
      "f1_score": 0.8,
      "update_norm": 0.0,
      "is_attacker": false,
      "kurtosis": -3.0,
      "trust": -0.03004935383796692,
      "noise_norm": 377.6402587890625
    },
    "6": {
      "accuracy": 0.8247,
      "test_loss": 0.5623810349941254,
      "precision": 0.42857142857142855,
      "recall": 1.0,
      "f1_score": 0.6,
      "update_norm": 1.6890705823898315,
      "is_attacker": false,
      "kurtosis": -0.00573277473449707,
      "trust": 0.059454984962940216,
      "noise_norm": 495.077880859375
    },
    "7": {
      "accuracy": 0.8332,
      "test_loss": 0.5368345429420471,
      "precision": 0.3333333333333333,
      "recall": 1.0,
      "f1_score": 0.5,
      "update_norm": 2.075516939163208,
      "is_attacker": false,
      "kurtosis": -0.0379488468170166,
      "trust": 0.07306092232465744,
      "noise_norm": 437.3861389160156
    },
    "8": {
      "accuracy": 0.8354,
      "test_loss": 0.525783096408844,
      "precision": 0.16666666666666666,
      "recall": 1.0,
      "f1_score": 0.2857142857142857,
      "update_norm": 0.5020276308059692,
      "is_attacker": false,
      "kurtosis": 0.008328437805175781,
      "trust": 0.017804613336920738,
      "noise_norm": 321.7187805175781
    },
    "9": {
      "accuracy": 0.8244,
      "test_loss": 0.560965752363205,
      "precision": 0.0,
      "recall": 0.0,
      "f1_score": 0.0,
      "update_norm": 0.8757379055023193,
      "is_attacker": false,
      "kurtosis": 0.016080379486083984,
      "trust": 0.030957991257309914,
      "noise_norm": 356.0436706542969
    },
    "10": {
      "accuracy": 0.8155,
      "test_loss": 0.5811271712303162,
      "precision": 0.0,
      "recall": 0.0,
      "f1_score": 0.0,
      "update_norm": 1.4291527271270752,
      "is_attacker": false,
      "kurtosis": -0.009934186935424805,
      "trust": 0.050559286028146744,
      "noise_norm": 287.3716125488281
    },
    "11": {
      "accuracy": 0.8363,
      "test_loss": 0.5140238282799721,
      "precision": 0.0,
      "recall": 0.0,
      "f1_score": 0.0,
      "update_norm": 3.5682389736175537,
      "is_attacker": false,
      "kurtosis": 0.03459310531616211,
      "trust": 0.12657256424427032,
      "noise_norm": 305.16473388671875
    },
    "12": {
      "accuracy": 0.8299,
      "test_loss": 0.5536216816425323,
      "precision": 0.0,
      "recall": 0.0,
      "f1_score": 0.0,
      "update_norm": 0.0,
      "is_attacker": false,
      "kurtosis": -3.0,
      "trust": -0.05352035164833069,
      "noise_norm": 291.09423828125
    },
    "13": {
      "accuracy": 0.8209,
      "test_loss": 0.5683411655426025,
      "precision": 0.0,
      "recall": 0.0,
      "f1_score": 0.0,
      "update_norm": 5.931490421295166,
      "is_attacker": false,
      "kurtosis": 0.003551483154296875,
      "trust": 0.20981797575950623,
      "noise_norm": 317.0545959472656
    },
    "14": {
      "accuracy": 0.8192,
      "test_loss": 0.5666531699180603,
      "precision": 0.0,
      "recall": 0.0,
      "f1_score": 0.0,
      "update_norm": 2.7956295013427734,
      "is_attacker": false,
      "kurtosis": 0.015370607376098633,
      "trust": 0.09898602962493896,
      "noise_norm": 322.25341796875
    },
    "15": {
      "accuracy": 0.8269,
      "test_loss": 0.5586077706336975,
      "precision": 0.25,
      "recall": 1.0,
      "f1_score": 0.4,
      "update_norm": 3.5034689903259277,
      "is_attacker": false,
      "kurtosis": -0.021860837936401367,
      "trust": 0.12420420348644257,
      "noise_norm": 279.0423278808594
    },
    "16": {
      "accuracy": 0.8387,
      "test_loss": 0.5337618009567261,
      "precision": 0.4,
      "recall": 1.0,
      "f1_score": 0.5714285714285715,
      "update_norm": 5.308176517486572,
      "is_attacker": false,
      "kurtosis": 0.021584272384643555,
      "trust": 0.18802326917648315,
      "noise_norm": 357.2681579589844
    },
    "17": {
      "accuracy": 0.8434,
      "test_loss": 0.5079979302406311,
      "precision": 0.75,
      "recall": 1.0,
      "f1_score": 0.8571428571428571,
      "update_norm": 0.0,
      "is_attacker": false,
      "kurtosis": -3.0,
      "trust": -0.013597968965768814,
      "noise_norm": 338.4898681640625
    },
    "18": {
      "accuracy": 0.8301,
      "test_loss": 0.5340124669075013,
      "precision": 0.8,
      "recall": 1.0,
      "f1_score": 0.888888888888889,
      "update_norm": 5.118781566619873,
      "is_attacker": false,
      "kurtosis": 0.024196624755859375,
      "trust": 0.1813792586326599,
      "noise_norm": 380.37664794921875
    },
    "19": {
      "accuracy": 0.8181,
      "test_loss": 0.5777772869586945,
      "precision": 0.6666666666666666,
      "recall": 1.0,
      "f1_score": 0.8,
      "update_norm": 5.146827220916748,
      "is_attacker": false,
      "kurtosis": 0.01125955581665039,
      "trust": 0.18103289604187012,
      "noise_norm": 411.08270263671875
    }
  }
}