{
  "round": 15,
  "nodes": {
    "0": {
      "accuracy": 0.7293,
      "test_loss": 0.9737976719856262,
      "precision": 0.3333333333333333,
      "recall": 1.0,
      "f1_score": 0.5,
      "update_norm": 1.1934736967086792,
      "is_attacker": true,
      "kurtosis": 130.6959228515625
    },
    "1": {
      "accuracy": 0.6858,
      "test_loss": 1.4127103145599365,
      "precision": 0.3333333333333333,
      "recall": 1.0,
      "f1_score": 0.5,
      "update_norm": 1.8661078214645386,
      "is_attacker": true,
      "kurtosis": 570.1010131835938
    },
    "2": {
      "accuracy": 0.7791,
      "test_loss": 0.7683860450744628,
      "precision": 0.3333333333333333,
      "recall": 1.0,
      "f1_score": 0.5,
      "update_norm": 1.2309956550598145,
      "is_attacker": true,
      "kurtosis": 316.0482177734375
    },
    "3": {
      "accuracy": 0.7769,
      "test_loss": 0.9307785347938538,
      "precision": 0.375,
      "recall": 1.0,
      "f1_score": 0.5454545454545454,
      "update_norm": 1.6385530233383179,
      "is_attacker": true,
      "kurtosis": 403.9122009277344
    },
    "4": {
      "accuracy": 0.8511,
      "test_loss": 0.4989760632991791,
      "precision": 0.5,
      "recall": 1.0,
      "f1_score": 0.6666666666666666,
      "update_norm": 0.0,
      "is_attacker": false,
      "kurtosis": -3.0,
      "trust": -0.007378161419183016,
      "noise_norm": 483.6363525390625
    },
    "5": {
      "accuracy": 0.8628,
      "test_loss": 0.46194404315948484,
      "precision": 0.4444444444444444,
      "recall": 1.0,
      "f1_score": 0.6153846153846153,
      "update_norm": 0.0,
      "is_attacker": false,
      "kurtosis": -3.0,
      "trust": -0.07827824354171753,
      "noise_norm": 449.6712951660156
    },
    "6": {
      "accuracy": 0.8501,
      "test_loss": 0.48622163243293764,
      "precision": 0.3333333333333333,
      "recall": 1.0,
      "f1_score": 0.5,
      "update_norm": 0.0,
      "is_attacker": false,
      "kurtosis": -3.0,
      "trust": -0.05110719054937363,
      "noise_norm": 505.1365966796875
    },
    "7": {
      "accuracy": 0.8619,
      "test_loss": 0.46150108494758607,
      "precision": 0.2222222222222222,
      "recall": 1.0,
      "f1_score": 0.3636363636363636,
      "update_norm": 0.0,
      "is_attacker": false,
      "kurtosis": -3.0,
      "trust": -0.13521689176559448,
      "noise_norm": 457.04345703125
    },
    "8": {
      "accuracy": 0.8557,
      "test_loss": 0.46918530769348143,
      "precision": 0.1,
      "recall": 1.0,
      "f1_score": 0.18181818181818182,
      "update_norm": 1.6082582473754883,
      "is_attacker": false,
      "kurtosis": 0.008329391479492188,
      "trust": 0.05703750252723694,
      "noise_norm": 422.0290222167969
    },
    "9": {
      "accuracy": 0.8516,
      "test_loss": 0.4842148341655731,
      "precision": 0.0,
      "recall": 0.0,
      "f1_score": 0.0,
      "update_norm": 0.0,
      "is_attacker": false,
      "kurtosis": -3.0,
      "trust": -0.1315002292394638,
      "noise_norm": 338.1256103515625
    },
    "10": {
      "accuracy": 0.85,
      "test_loss": 0.47902224497795104,
      "precision": 0.0,
      "recall": 0.0,
      "f1_score": 0.0,
      "update_norm": 0.0,
      "is_attacker": false,
      "kurtosis": -3.0,
      "trust": -0.11534305661916733,
      "noise_norm": 307.51287841796875
    },
    "11": {
      "accuracy": 0.8598,
      "test_loss": 0.4520077100157738,
      "precision": 0.0,
      "recall": 0.0,
      "f1_score": 0.0,
      "update_norm": 0.0,
      "is_attacker": false,
      "kurtosis": -3.0,
      "trust": -0.12963157892227173,
      "noise_norm": 396.9161071777344
    },
    "12": {
      "accuracy": 0.8503,
      "test_loss": 0.5039950326919556,
      "precision": 0.0,
      "recall": 0.0,
      "f1_score": 0.0,
      "update_norm": 0.0,
      "is_attacker": false,
      "kurtosis": -3.0,
      "trust": -0.05825287476181984,
      "noise_norm": 354.06884765625
    },
    "13": {
      "accuracy": 0.8357,
      "test_loss": 0.5378543547153473,
      "precision": 0.0,
      "recall": 0.0,
      "f1_score": 0.0,
      "update_norm": 0.0,
      "is_attacker": false,
      "kurtosis": -3.0,
      "trust": -0.2241467833518982,
      "noise_norm": 275.1466369628906
    },
    "14": {
      "accuracy": 0.8453,
      "test_loss": 0.4955862844467163,
      "precision": 0.0,
      "recall": 0.0,
      "f1_score": 0.0,
      "update_norm": 2.1941304206848145,
      "is_attacker": false,
      "kurtosis": 0.015370368957519531,
      "trust": 0.07768848538398743,
      "noise_norm": 318.42578125
    },
    "15": {
      "accuracy": 0.8488,
      "test_loss": 0.5020135661125184,
      "precision": 0.125,
      "recall": 1.0,
      "f1_score": 0.2222222222222222,
      "update_norm": 0.0,
      "is_attacker": false,
      "kurtosis": -3.0,
      "trust": -0.04729323834180832,
      "noise_norm": 359.52099609375
    },
    "16": {
      "accuracy": 0.8429,
      "test_loss": 0.5244554525852203,
      "precision": 0.25,
      "recall": 1.0,
      "f1_score": 0.4,
      "update_norm": 0.0,
      "is_attacker": false,
      "kurtosis": -3.0,
      "trust": -0.18745341897010803,
      "noise_norm": 337.3392639160156
    },
    "17": {
      "accuracy": 0.8615,
      "test_loss": 0.44956212639808657,
      "precision": 0.375,
      "recall": 1.0,
      "f1_score": 0.5454545454545454,
      "update_norm": 0.0,
      "is_attacker": false,
      "kurtosis": -3.0,
      "trust": -0.11512895673513412,
      "noise_norm": 271.8692321777344
    },
    "18": {
      "accuracy": 0.857,
      "test_loss": 0.4575200663566589,
      "precision": 0.5,
      "recall": 1.0,
      "f1_score": 0.6666666666666666,
      "update_norm": 0.0,
      "is_attacker": false,
      "kurtosis": -3.0,
      "trust": -0.016678906977176666,
      "noise_norm": 390.19317626953125
    },
    "19": {
      "accuracy": 0.8608,
      "test_loss": 0.4561847741127014,
      "precision": 0.4444444444444444,
      "recall": 1.0,
      "f1_score": 0.6153846153846153,
      "update_norm": 0.03026580810546875,
      "is_attacker": false,
      "kurtosis": 0.01125955581665039,
      "trust": 0.001064559444785118,
      "noise_norm": 328.55169677734375
    }
  }
}