{
  "round": 19,
  "nodes": {
    "0": {
      "accuracy": 0.8334,
      "test_loss": 0.5360664937973022,
      "precision": 0.3333333333333333,
      "recall": 1.0,
      "f1_score": 0.5,
      "update_norm": 0.9007532000541687,
      "is_attacker": true,
      "kurtosis": 213.1620635986328
    },
    "1": {
      "accuracy": 0.8199,
      "test_loss": 0.6119895725250244,
      "precision": 0.3333333333333333,
      "recall": 1.0,
      "f1_score": 0.5,
      "update_norm": 0.8570671081542969,
      "is_attacker": true,
      "kurtosis": 123.43724060058594
    },
    "2": {
      "accuracy": 0.8527,
      "test_loss": 0.4998761306762695,
      "precision": 0.3333333333333333,
      "recall": 1.0,
      "f1_score": 0.5,
      "update_norm": 0.7160857319831848,
      "is_attacker": true,
      "kurtosis": 244.3258514404297
    },
    "3": {
      "accuracy": 0.8456,
      "test_loss": 0.5576177656173706,
      "precision": 0.375,
      "recall": 1.0,
      "f1_score": 0.5454545454545454,
      "update_norm": 0.5699788331985474,
      "is_attacker": true,
      "kurtosis": 216.97897338867188
    },
    "4": {
      "accuracy": 0.8538,
      "test_loss": 0.49731392364501953,
      "precision": 0.4444444444444444,
      "recall": 1.0,
      "f1_score": 0.6153846153846153,
      "update_norm": 0.3524942994117737,
      "is_attacker": false,
      "kurtosis": -0.015563249588012695,
      "trust": 0.012460566125810146,
      "noise_norm": 389.51556396484375
    },
    "5": {
      "accuracy": 0.8666,
      "test_loss": 0.43611844198703764,
      "precision": 0.5,
      "recall": 1.0,
      "f1_score": 0.6666666666666666,
      "update_norm": 0.0,
      "is_attacker": false,
      "kurtosis": -3.0,
      "trust": -0.12236864119768143,
      "noise_norm": 418.9091796875
    },
    "6": {
      "accuracy": 0.8613,
      "test_loss": 0.4518296444892883,
      "precision": 0.375,
      "recall": 1.0,
      "f1_score": 0.5454545454545454,
      "update_norm": 0.0,
      "is_attacker": false,
      "kurtosis": -3.0,
      "trust": -0.003953970968723297,
      "noise_norm": 507.0406799316406
    },
    "7": {
      "accuracy": 0.8667,
      "test_loss": 0.4395540310382843,
      "precision": 0.25,
      "recall": 1.0,
      "f1_score": 0.4,
      "update_norm": 0.0,
      "is_attacker": false,
      "kurtosis": -3.0,
      "trust": -0.04884214699268341,
      "noise_norm": 454.92132568359375
    },
    "8": {
      "accuracy": 0.8542,
      "test_loss": 0.48308749423027036,
      "precision": 0.1111111111111111,
      "recall": 1.0,
      "f1_score": 0.19999999999999998,
      "update_norm": 3.1564645767211914,
      "is_attacker": false,
      "kurtosis": 0.008328914642333984,
      "trust": 0.11194523423910141,
      "noise_norm": 390.21807861328125
    },
    "9": {
      "accuracy": 0.8626,
      "test_loss": 0.45339616951942446,
      "precision": 0.0,
      "recall": 0.0,
      "f1_score": 0.0,
      "update_norm": 0.0,
      "is_attacker": false,
      "kurtosis": -3.0,
      "trust": -0.06137924641370773,
      "noise_norm": 303.6327209472656
    },
    "10": {
      "accuracy": 0.8615,
      "test_loss": 0.4436727150917053,
      "precision": 0.0,
      "recall": 0.0,
      "f1_score": 0.0,
      "update_norm": 0.0,
      "is_attacker": false,
      "kurtosis": -3.0,
      "trust": -0.016603292897343636,
      "noise_norm": 396.2723083496094
    },
    "11": {
      "accuracy": 0.8725,
      "test_loss": 0.42101070004701613,
      "precision": 0.0,
      "recall": 0.0,
      "f1_score": 0.0,
      "update_norm": 0.0,
      "is_attacker": false,
      "kurtosis": -3.0,
      "trust": -0.06084349751472473,
      "noise_norm": 319.283447265625
    },
    "12": {
      "accuracy": 0.8614,
      "test_loss": 0.474418868970871,
      "precision": 0.0,
      "recall": 0.0,
      "f1_score": 0.0,
      "update_norm": 0.0,
      "is_attacker": false,
      "kurtosis": -3.0,
      "trust": -0.06340037286281586,
      "noise_norm": 353.0210266113281
    },
    "13": {
      "accuracy": 0.8531,
      "test_loss": 0.4880224158287048,
      "precision": 0.0,
      "recall": 0.0,
      "f1_score": 0.0,
      "update_norm": 0.0,
      "is_attacker": false,
      "kurtosis": -3.0,
      "trust": -0.126987025141716,
      "noise_norm": 385.351318359375
    },
    "14": {
      "accuracy": 0.8569,
      "test_loss": 0.4683126583099365,
      "precision": 0.0,
      "recall": 0.0,
      "f1_score": 0.0,
      "update_norm": 0.5164735913276672,
      "is_attacker": false,
      "kurtosis": 0.015370607376098633,
      "trust": 0.018286995589733124,
      "noise_norm": 385.9989013671875
    },
    "15": {
      "accuracy": 0.8632,
      "test_loss": 0.4535332449913025,
      "precision": 0.1111111111111111,
      "recall": 1.0,
      "f1_score": 0.19999999999999998,
      "update_norm": 0.0,
      "is_attacker": false,
      "kurtosis": -3.0,
      "trust": -0.11292515695095062,
      "noise_norm": 384.9882507324219
    },
    "16": {
      "accuracy": 0.8603,
      "test_loss": 0.47483988437652586,
      "precision": 0.2222222222222222,
      "recall": 1.0,
      "f1_score": 0.3636363636363636,
      "update_norm": 0.0,
      "is_attacker": false,
      "kurtosis": -3.0,
      "trust": -0.13269472122192383,
      "noise_norm": 321.5001525878906
    },
    "17": {
      "accuracy": 0.8721,
      "test_loss": 0.41999193999767304,
      "precision": 0.3333333333333333,
      "recall": 1.0,
      "f1_score": 0.5,
      "update_norm": 0.0,
      "is_attacker": false,
      "kurtosis": -3.0,
      "trust": -0.08098944276571274,
      "noise_norm": 380.19573974609375
    },
    "18": {
      "accuracy": 0.8698,
      "test_loss": 0.4214929124355316,
      "precision": 0.4444444444444444,
      "recall": 1.0,
      "f1_score": 0.6153846153846153,
      "update_norm": 0.0,
      "is_attacker": false,
      "kurtosis": -3.0,
      "trust": -0.107157401740551,
      "noise_norm": 343.90814208984375
    },
    "19": {
      "accuracy": 0.8717,
      "test_loss": 0.4229262328147888,
      "precision": 0.5,
      "recall": 1.0,
      "f1_score": 0.6666666666666666,
      "update_norm": 0.0,
      "is_attacker": false,
      "kurtosis": -3.0,
      "trust": -0.21050521731376648,
      "noise_norm": 311.59283447265625
    }
  }
}