{
  "round": 4,
  "nodes": {
    "0": {
      "accuracy": 0.4763,
      "test_loss": 2.3591211601257323,
      "precision": 1.0,
      "recall": 1.0,
      "f1_score": 1.0,
      "update_norm": 2.0000016689300537,
      "is_attacker": true,
      "kurtosis": 87.30186462402344
    },
    "1": {
      "accuracy": 0.4863,
      "test_loss": 3.2859312309265136,
      "precision": 1.0,
      "recall": 1.0,
      "f1_score": 1.0,
      "update_norm": 2.0000081062316895,
      "is_attacker": true,
      "kurtosis": 103.43067169189453
    },
    "2": {
      "accuracy": 0.4732,
      "test_loss": 3.0402444965362547,
      "precision": 0.75,
      "recall": 1.0,
      "f1_score": 0.8571428571428571,
      "update_norm": 1.9999890327453613,
      "is_attacker": true,
      "kurtosis": 113.29913330078125
    },
    "3": {
      "accuracy": 0.4838,
      "test_loss": 3.1471022663116455,
      "precision": 0.75,
      "recall": 1.0,
      "f1_score": 0.8571428571428571,
      "update_norm": 2.0000014305114746,
      "is_attacker": true,
      "kurtosis": 108.59326934814453
    },
    "4": {
      "accuracy": 0.7075,
      "test_loss": 0.8701705947875976,
      "precision": 0.8,
      "recall": 1.0,
      "f1_score": 0.888888888888889,
      "update_norm": 13.911601066589355,
      "is_attacker": false,
      "kurtosis": -0.01556396484375,
      "trust": 0.4917711019515991,
      "noise_norm": 305.0500183105469
    },
    "5": {
      "accuracy": 0.7517,
      "test_loss": 0.766456195306778,
      "precision": 0.8,
      "recall": 1.0,
      "f1_score": 0.888888888888889,
      "update_norm": 7.536900997161865,
      "is_attacker": false,
      "kurtosis": -0.01082754135131836,
      "trust": 0.26641392707824707,
      "noise_norm": 356.2291259765625
    },
    "6": {
      "accuracy": 0.7371,
      "test_loss": 0.8195148752212524,
      "precision": 0.6,
      "recall": 1.0,
      "f1_score": 0.7499999999999999,
      "update_norm": 4.960132598876953,
      "is_attacker": false,
      "kurtosis": -0.005732297897338867,
      "trust": 0.17459571361541748,
      "noise_norm": 320.0122985839844
    },
    "7": {
      "accuracy": 0.7679,
      "test_loss": 0.7351255739212036,
      "precision": 0.6666666666666666,
      "recall": 1.0,
      "f1_score": 0.8,
      "update_norm": 5.790931701660156,
      "is_attacker": false,
      "kurtosis": -0.037949323654174805,
      "trust": 0.20384840667247772,
      "noise_norm": 298.81951904296875
    },
    "8": {
      "accuracy": 0.7218,
      "test_loss": 0.8540115549087525,
      "precision": 0.3333333333333333,
      "recall": 1.0,
      "f1_score": 0.5,
      "update_norm": 10.22980785369873,
      "is_attacker": false,
      "kurtosis": 0.008328437805175781,
      "trust": 0.3628038763999939,
      "noise_norm": 283.92510986328125
    },
    "9": {
      "accuracy": 0.6616,
      "test_loss": 1.047960200405121,
      "precision": 0.0,
      "recall": 0.0,
      "f1_score": 0.0,
      "update_norm": 10.318822860717773,
      "is_attacker": false,
      "kurtosis": 0.016080617904663086,
      "trust": 0.3647782802581787,
      "noise_norm": 291.2904968261719
    },
    "10": {
      "accuracy": 0.732,
      "test_loss": 0.8329215096473694,
      "precision": 0.0,
      "recall": 0.0,
      "f1_score": 0.0,
      "update_norm": 6.206775665283203,
      "is_attacker": false,
      "kurtosis": -0.009933710098266602,
      "trust": 0.21957769989967346,
      "noise_norm": 295.4148864746094
    },
    "11": {
      "accuracy": 0.7625,
      "test_loss": 0.746005539226532,
      "precision": 0.0,
      "recall": 0.0,
      "f1_score": 0.0,
      "update_norm": 4.146966934204102,
      "is_attacker": false,
      "kurtosis": 0.034592628479003906,
      "trust": 0.1471010446548462,
      "noise_norm": 272.7103271484375
    },
    "12": {
      "accuracy": 0.7247,
      "test_loss": 0.8570572178840637,
      "precision": 0.0,
      "recall": 0.0,
      "f1_score": 0.0,
      "update_norm": 10.258376121520996,
      "is_attacker": false,
      "kurtosis": 0.007468700408935547,
      "trust": 0.36518409848213196,
      "noise_norm": 288.145751953125
    },
    "13": {
      "accuracy": 0.7588,
      "test_loss": 0.7871626505851745,
      "precision": 0.0,
      "recall": 0.0,
      "f1_score": 0.0,
      "update_norm": 1.0386699438095093,
      "is_attacker": false,
      "kurtosis": 0.0035507678985595703,
      "trust": 0.03674149513244629,
      "noise_norm": 286.2756042480469
    },
    "14": {
      "accuracy": 0.7473,
      "test_loss": 0.7829672257423401,
      "precision": 0.0,
      "recall": 0.0,
      "f1_score": 0.0,
      "update_norm": 8.017448425292969,
      "is_attacker": false,
      "kurtosis": 0.015369653701782227,
      "trust": 0.2838771939277649,
      "noise_norm": 291.06866455078125
    },
    "15": {
      "accuracy": 0.7553,
      "test_loss": 0.777484018611908,
      "precision": 0.5,
      "recall": 1.0,
      "f1_score": 0.6666666666666666,
      "update_norm": 5.377238750457764,
      "is_attacker": false,
      "kurtosis": -0.02186131477355957,
      "trust": 0.19063279032707214,
      "noise_norm": 287.9291076660156
    },
    "16": {
      "accuracy": 0.7701,
      "test_loss": 0.7568734186172486,
      "precision": 0.6666666666666666,
      "recall": 1.0,
      "f1_score": 0.8,
      "update_norm": 2.6198232173919678,
      "is_attacker": false,
      "kurtosis": 0.021584272384643555,
      "trust": 0.09279788285493851,
      "noise_norm": 304.8349304199219
    },
    "17": {
      "accuracy": 0.7895,
      "test_loss": 0.6899580335617066,
      "precision": 1.0,
      "recall": 1.0,
      "f1_score": 1.0,
      "update_norm": 9.350933074951172,
      "is_attacker": false,
      "kurtosis": -0.021718263626098633,
      "trust": 0.3301445245742798,
      "noise_norm": 325.54107666015625
    },
    "18": {
      "accuracy": 0.8122,
      "test_loss": 0.6843161744117737,
      "precision": 1.0,
      "recall": 1.0,
      "f1_score": 1.0,
      "update_norm": 1.5820577144622803,
      "is_attacker": false,
      "kurtosis": 0.024197101593017578,
      "trust": 0.05605874955654144,
      "noise_norm": 360.8150634765625
    },
    "19": {
      "accuracy": 0.8094,
      "test_loss": 0.6664109317779541,
      "precision": 1.0,
      "recall": 1.0,
      "f1_score": 1.0,
      "update_norm": 3.7736010551452637,
      "is_attacker": false,
      "kurtosis": 0.011260032653808594,
      "trust": 0.13273146748542786,
      "noise_norm": 353.24456787109375
    }
  }
}