{
  "round": 12,
  "nodes": {
    "0": {
      "accuracy": 0.6604,
      "test_loss": 1.1055737771987915,
      "precision": 0.6,
      "recall": 1.0,
      "f1_score": 0.7499999999999999,
      "update_norm": 1.5404164791107178,
      "is_attacker": true,
      "kurtosis": 104.80955505371094
    },
    "1": {
      "accuracy": 0.6853,
      "test_loss": 1.1013664747238159,
      "precision": 0.6,
      "recall": 1.0,
      "f1_score": 0.7499999999999999,
      "update_norm": 1.611618161201477,
      "is_attacker": true,
      "kurtosis": 237.1318359375
    },
    "2": {
      "accuracy": 0.7349,
      "test_loss": 1.2355224202156068,
      "precision": 0.5,
      "recall": 1.0,
      "f1_score": 0.6666666666666666,
      "update_norm": 1.4505207538604736,
      "is_attacker": true,
      "kurtosis": 395.57049560546875
    },
    "3": {
      "accuracy": 0.7247,
      "test_loss": 0.9410269909858704,
      "precision": 0.42857142857142855,
      "recall": 1.0,
      "f1_score": 0.6,
      "update_norm": 1.2459405660629272,
      "is_attacker": true,
      "kurtosis": 254.14593505859375
    },
    "4": {
      "accuracy": 0.8406,
      "test_loss": 0.5372000429153443,
      "precision": 0.5,
      "recall": 1.0,
      "f1_score": 0.6666666666666666,
      "update_norm": 0.5223066210746765,
      "is_attacker": false,
      "kurtosis": -0.015563249588012695,
      "trust": 0.018463384360074997,
      "noise_norm": 480.8133544921875
    },
    "5": {
      "accuracy": 0.8502,
      "test_loss": 0.5006146189689636,
      "precision": 0.6666666666666666,
      "recall": 1.0,
      "f1_score": 0.8,
      "update_norm": 0.0,
      "is_attacker": false,
      "kurtosis": -3.0,
      "trust": -0.08036607503890991,
      "noise_norm": 283.8160400390625
    },
    "6": {
      "accuracy": 0.833,
      "test_loss": 0.5394501951217652,
      "precision": 0.42857142857142855,
      "recall": 1.0,
      "f1_score": 0.6,
      "update_norm": 2.394129514694214,
      "is_attacker": false,
      "kurtosis": -0.0057332515716552734,
      "trust": 0.08427290618419647,
      "noise_norm": 435.25006103515625
    },
    "7": {
      "accuracy": 0.8504,
      "test_loss": 0.49015848450660704,
      "precision": 0.4,
      "recall": 1.0,
      "f1_score": 0.5714285714285715,
      "update_norm": 0.0,
      "is_attacker": false,
      "kurtosis": -3.0,
      "trust": -0.10943423956632614,
      "noise_norm": 442.9386901855469
    },
    "8": {
      "accuracy": 0.8475,
      "test_loss": 0.48908462162017824,
      "precision": 0.25,
      "recall": 1.0,
      "f1_score": 0.4,
      "update_norm": 0.0,
      "is_attacker": false,
      "kurtosis": -3.0,
      "trust": -0.028910771012306213,
      "noise_norm": 331.45440673828125
    },
    "9": {
      "accuracy": 0.8299,
      "test_loss": 0.5491909212589264,
      "precision": 0.0,
      "recall": 0.0,
      "f1_score": 0.0,
      "update_norm": 3.068772554397583,
      "is_attacker": false,
      "kurtosis": 0.016080617904663086,
      "trust": 0.1084834486246109,
      "noise_norm": 314.9367980957031
    },
    "10": {
      "accuracy": 0.8385,
      "test_loss": 0.5166937165737152,
      "precision": 0.0,
      "recall": 0.0,
      "f1_score": 0.0,
      "update_norm": 0.9522709846496582,
      "is_attacker": false,
      "kurtosis": -0.009934186935424805,
      "trust": 0.033688582479953766,
      "noise_norm": 328.958740234375
    },
    "11": {
      "accuracy": 0.8494,
      "test_loss": 0.48707932925224307,
      "precision": 0.0,
      "recall": 0.0,
      "f1_score": 0.0,
      "update_norm": 0.5804858207702637,
      "is_attacker": false,
      "kurtosis": 0.03459310531616211,
      "trust": 0.020590979605913162,
      "noise_norm": 339.33782958984375
    },
    "12": {
      "accuracy": 0.8354,
      "test_loss": 0.546703923368454,
      "precision": 0.0,
      "recall": 0.0,
      "f1_score": 0.0,
      "update_norm": 3.0737831592559814,
      "is_attacker": false,
      "kurtosis": 0.007468700408935547,
      "trust": 0.10942254960536957,
      "noise_norm": 334.9556579589844
    },
    "13": {
      "accuracy": 0.8111,
      "test_loss": 0.6113296649456024,
      "precision": 0.0,
      "recall": 0.0,
      "f1_score": 0.0,
      "update_norm": 6.569167137145996,
      "is_attacker": false,
      "kurtosis": 0.0035505294799804688,
      "trust": 0.23237505555152893,
      "noise_norm": 380.76812744140625
    },
    "14": {
      "accuracy": 0.8417,
      "test_loss": 0.5060569820404053,
      "precision": 0.0,
      "recall": 0.0,
      "f1_score": 0.0,
      "update_norm": 0.0,
      "is_attacker": false,
      "kurtosis": -3.0,
      "trust": -0.007514636963605881,
      "noise_norm": 324.5972595214844
    },
    "15": {
      "accuracy": 0.8362,
      "test_loss": 0.5348375537395478,
      "precision": 0.25,
      "recall": 1.0,
      "f1_score": 0.4,
      "update_norm": 2.9661314487457275,
      "is_attacker": false,
      "kurtosis": -0.021861553192138672,
      "trust": 0.10515464842319489,
      "noise_norm": 419.7774658203125
    },
    "16": {
      "accuracy": 0.8161,
      "test_loss": 0.5997942803382873,
      "precision": 0.4,
      "recall": 1.0,
      "f1_score": 0.5714285714285715,
      "update_norm": 7.989887714385986,
      "is_attacker": false,
      "kurtosis": 0.02158355712890625,
      "trust": 0.28301307559013367,
      "noise_norm": 354.66131591796875
    },
    "17": {
      "accuracy": 0.8486,
      "test_loss": 0.4891184184551239,
      "precision": 0.6,
      "recall": 1.0,
      "f1_score": 0.7499999999999999,
      "update_norm": 4.32334041595459,
      "is_attacker": false,
      "kurtosis": -0.021718263626098633,
      "trust": 0.1526402235031128,
      "noise_norm": 363.9105224609375
    },
    "18": {
      "accuracy": 0.8465,
      "test_loss": 0.4905040777206421,
      "precision": 0.6666666666666666,
      "recall": 1.0,
      "f1_score": 0.8,
      "update_norm": 2.2450759410858154,
      "is_attacker": false,
      "kurtosis": 0.02419567108154297,
      "trust": 0.07955218106508255,
      "noise_norm": 436.2694396972656
    },
    "19": {
      "accuracy": 0.8465,
      "test_loss": 0.49955008401870726,
      "precision": 0.8,
      "recall": 1.0,
      "f1_score": 0.888888888888889,
      "update_norm": 0.0,
      "is_attacker": false,
      "kurtosis": -3.0,
      "trust": -0.02408982254564762,
      "noise_norm": 428.6629943847656
    }
  }
}