{
  "round": 2,
  "nodes": {
    "0": {
      "accuracy": 0.7519,
      "test_loss": 0.8515653308868408,
      "precision": 1.0,
      "recall": 0.0,
      "f1_score": 0.0,
      "update_norm": 1.039957046508789,
      "is_attacker": true
    },
    "1": {
      "accuracy": 0.7416,
      "test_loss": 0.8970740763664246,
      "precision": 1.0,
      "recall": 1.0,
      "f1_score": 1.0,
      "update_norm": 0.9749357104301453,
      "is_attacker": true
    },
    "2": {
      "accuracy": 0.7582,
      "test_loss": 0.8296584516525268,
      "precision": 1.0,
      "recall": 0.5,
      "f1_score": 0.6666666666666666,
      "update_norm": 0.3340977132320404,
      "is_attacker": false
    },
    "3": {
      "accuracy": 0.8281,
      "test_loss": 0.5479189435005188,
      "precision": 1.0,
      "recall": 1.0,
      "f1_score": 1.0,
      "update_norm": 0.26236066222190857,
      "is_attacker": false
    },
    "4": {
      "accuracy": 0.8379,
      "test_loss": 0.5118745509624482,
      "precision": 1.0,
      "recall": 0.0,
      "f1_score": 0.0,
      "update_norm": 0.25269460678100586,
      "is_attacker": false
    },
    "5": {
      "accuracy": 0.8461,
      "test_loss": 0.48269316353797914,
      "precision": 1.0,
      "recall": 1.0,
      "f1_score": 1.0,
      "update_norm": 0.22776637971401215,
      "is_attacker": false
    },
    "6": {
      "accuracy": 0.8433,
      "test_loss": 0.49280398297309874,
      "precision": 1.0,
      "recall": 1.0,
      "f1_score": 1.0,
      "update_norm": 0.24647873640060425,
      "is_attacker": false
    },
    "7": {
      "accuracy": 0.8364,
      "test_loss": 0.5120118135929108,
      "precision": 1.0,
      "recall": 0.0,
      "f1_score": 0.0,
      "update_norm": 0.24786163866519928,
      "is_attacker": false
    },
    "8": {
      "accuracy": 0.8251,
      "test_loss": 0.5531222710609436,
      "precision": 1.0,
      "recall": 1.0,
      "f1_score": 1.0,
      "update_norm": 0.25482526421546936,
      "is_attacker": false
    },
    "9": {
      "accuracy": 0.7608,
      "test_loss": 0.8222102052688599,
      "precision": 1.0,
      "recall": 0.5,
      "f1_score": 0.6666666666666666,
      "update_norm": 0.3296542763710022,
      "is_attacker": false
    }
  }
}